Date,Equal Weight,Minimum Variance,Maximum Sharpe
2021-01-04,0.0,0.0,0.0
2021-01-05,-0.006334972866813171,-0.006654883830061409,-0.005849440140320961
2021-01-06,-0.017446402329703403,-0.014410565482487647,-0.01842652186669924
2021-01-07,0.0,0.0,0.0
2021-01-08,0.0,0.0,0.0
2021-01-11,-0.0034481771195026267,-0.0035174832260497224,-0.004772994600371505
2021-01-12,0.0,0.0,-0.003083984082496549
2021-01-13,-0.0002685813060921971,0.0,-0.006945623447788707
2021-01-14,0.0,0.0,0.0
2021-01-15,0.0,0.0,-0.005647146672834613
2021-01-18,-0.011293848616147462,-0.011081872454806851,-0.013328001585767302
2021-01-19,0.0,0.0,-0.0014918220669531967
2021-01-20,-0.005184596534747787,-0.00556695805428975,-0.007197227609394563
2021-01-21,0.0,0.0,0.0
2021-01-22,-0.006566030874989193,-0.004087672484224925,-0.008442147997561045
2021-01-25,-0.005678531299142087,-0.0028996732925110624,-0.007435863860721814
2021-01-27,-0.006158192701316012,0.0,-0.006517964878035909
2021-01-28,-0.01976095091712282,-0.013580203821681791,-0.022100280679175688
2021-01-29,-0.03671080018896877,-0.03082050538760983,-0.039105594106072394
2021-02-01,-0.027158106535194237,-0.02063964064606183,-0.029633471251832244
2021-02-02,-0.01180350000489061,-0.003908400157971337,-0.012369551519992972
2021-02-03,0.0,0.0,-0.001999415299664964
2021-02-04,-0.002427155042149187,-0.003179702669147799,-0.005873791102703474
2021-02-05,0.0,0.0,0.0
2021-02-08,0.0,0.0,0.0
2021-02-09,0.0,-0.011420359053496698,0.0
2021-02-10,0.0,-0.016223957664386557,0.0
2021-02-11,0.0,-0.010806860866742873,0.0
2021-02-12,-0.005920095044394058,-0.015117143953653267,-0.006998442605326227
2021-02-15,0.0,-0.008666993702669545,-0.002414115119265703
2021-02-16,0.0,-7.439122632491024e-05,0.0
2021-02-17,0.0,0.0,-0.005746208377052309
2021-02-18,0.0,0.0,-0.002955896282332171
2021-02-19,-0.012325221736634084,-0.012432181889416416,-0.017991465948533736
2021-02-22,-0.015094247341625788,-0.022903919142597484,-0.009130388588426741
2021-02-23,-0.001914822532971705,-0.007809304456584676,0.0
2021-02-24,-0.006962280693414757,-0.011987169438443246,-0.007573756907786278
2021-02-25,-0.0012930030374529444,-0.0020733596260191778,-0.005752392848007326
2021-02-26,-0.023258465239073045,-0.025085593367670134,-0.028129176329421135
2021-03-01,-0.003082403911726095,-0.002633804718919941,-0.0050668347733214825
2021-03-02,0.0,0.0,0.0
2021-03-03,0.0,0.0,0.0
2021-03-04,0.0,0.0,0.0
2021-03-05,0.0,0.0,-0.0038263505063713676
2021-03-08,0.0,0.0,0.0
2021-03-09,0.0,0.0,0.0
2021-03-10,-0.014585497237717737,-0.014149687089524798,-0.013201740627163838
2021-03-11,-0.020907258248041516,-0.018365022422637933,-0.020320542841681943
2021-03-12,-0.020214958143970785,-0.018899304423906638,-0.01782231476892071
2021-03-15,-0.017783012390388486,-0.017076972956564074,-0.016779307271873267
2021-03-16,-0.01114579460193732,-0.010256119758204285,-0.008615336815435581
2021-03-17,-0.012782724281111824,-0.011802597446619156,-0.009113720518216795
2021-03-18,-0.02093290592006214,-0.02291880984212502,-0.01679988684004341
2021-03-19,-0.026056438350330557,-0.027784995352219677,-0.027790508399298197
2021-03-22,-0.018937980291936163,-0.02218792439291395,-0.019551935085114658
2021-03-23,-0.02525111122296586,-0.02854671274282783,-0.022946812127080052
2021-03-24,-0.023605733425220765,-0.02442049357576137,-0.015107766068312323
2021-03-25,-0.021877434720582012,-0.023395408996837563,-0.011703519010284436
2021-03-26,-0.017107427881427162,-0.020909328184100295,-0.010673416206895658
2021-03-29,-0.022132924852479086,-0.024191597963166167,-0.018390442636505022
2021-03-30,-0.024400857744373616,-0.02633230506187001,-0.020988145650701506
2021-03-31,-0.01822595810814065,-0.02111386124981418,-0.011381883531162429
2021-04-01,-0.01666827221684597,-0.01842561915958807,-0.012027602514100066
2021-04-06,-0.013973461936581666,-0.01617023945216456,-0.011709557646533475
2021-04-07,-0.01089150617615231,-0.01138013797951476,-0.009850601326888864
2021-04-08,-0.00022561050895197887,-0.0016382997174334557,0.0
2021-04-09,0.0,-7.53827884499847e-05,0.0
2021-04-12,0.0,0.0,-0.00333154840699168
2021-04-13,0.0,0.0,-0.00016290265282215
2021-04-14,0.0,0.0,0.0
2021-04-15,0.0,0.0,0.0
2021-04-16,-0.004842730044736343,-0.0031310156732876626,-0.004684302665109996
2021-04-19,-0.0008318770470602255,0.0,0.0
2021-04-20,-0.00909137700728313,-0.008743063103227477,-0.009688552141380535
2021-04-21,-0.014193200348200707,-0.01254736966551262,-0.009972178988881919
2021-04-22,-0.007825584925204576,-0.004800232621316569,-0.003113109136611447
2021-04-23,-0.003229499563371374,-0.0021759180529358213,0.0
2021-04-26,-0.00313199423889432,-0.0026351398805526394,-0.002225666538680504
2021-04-27,-0.0010191842629245773,-0.0017822730744264659,0.0
2021-04-28,0.0,0.0,0.0
2021-04-29,-0.003922847087282522,-0.0037402209616100857,-0.002829363618543357
2021-04-30,-0.009941175315213435,-0.011673585107910944,-0.00865601884789402
2021-05-03,0.0,0.0,-0.0008534162037161508
2021-05-04,-0.001754150297641477,0.0,0.0
2021-05-05,-0.0015012172607073992,0.0,0.0
2021-05-06,-0.010880686362575664,-0.005847097596138773,-0.005135707338563278
2021-05-07,-0.006592745460225369,0.0,-0.001673829932735349
2021-05-10,0.0,0.0,0.0
2021-05-11,-0.01097307463563657,-0.009510793225969483,-0.010529561805183163
2021-05-12,-0.016473141367719157,-0.011458483750876436,-0.012274403598346528
2021-05-13,-0.01303185352714431,-0.00871422012282641,-0.008063104416007771
2021-05-14,-0.0016980174622786004,-0.00016463478729622505,0.0
2021-05-17,-0.007588854148900759,0.0,-0.00707410208419279
2021-05-18,0.0,0.0,0.0
2021-05-19,-0.018059766104089436,-0.017921305586076297,-0.023336953510857517
2021-05-20,-0.0014265246301476964,0.0,-0.006307941429153918
2021-05-21,0.0,0.0,-0.004285240914803534
2021-05-24,0.0,0.0,-0.0052208017654034045
2021-05-25,0.0,0.0,0.0
2021-05-26,-6.637934666708922e-05,0.0,-0.0005833473783692922
2021-05-27,-0.004302052892061425,-0.0052113195538207036,-0.005644548012778028
2021-05-28,0.0,0.0,0.0
2021-05-31,-0.0047545002486028,-0.005407625491564927,-0.005488326304056046
2021-06-01,-0.013359723481086716,-0.011942649877084821,-0.012887185490169983
2021-06-02,-0.007984250229969847,-0.006617825280955891,-0.0049809195311900645
2021-06-03,0.0,0.0,0.0
2021-06-04,0.0,0.0,0.0
2021-06-07,-0.012527459919276063,-0.012516329290724215,-0.005886857784875521
2021-06-08,-0.012195138976138997,-0.0124693643886723,-0.007750587495719552
2021-06-09,-0.01864846070485826,-0.017980842489253912,-0.015195895861842112
2021-06-10,-0.01526158115791254,-0.013988971809155482,-0.009367940402476016
2021-06-11,-0.023862220322216188,-0.021651871173254733,-0.01644412309742127
2021-06-15,-0.010534681943126567,-0.007576099637005229,0.0
2021-06-16,-0.0033071184999730052,0.0,0.0
2021-06-17,0.0,0.0,0.0
2021-06-18,-0.007073260317889352,-0.010751893404001511,-0.008940944099570691
2021-06-21,-0.03706738671687315,-0.046365031165886084,-0.04493141122758981
2021-06-22,-0.01964812622919876,-0.02869647143122711,-0.025964415763283233
2021-06-23,-0.031216177037368342,-0.041833188751104755,-0.03361867424552645
2021-06-24,-0.0389813889614995,-0.0494302907810652,-0.03984583717251122
2021-06-25,-0.031911512216046156,-0.04451483189778527,-0.030081936880921645
2021-06-28,-0.03234261267940475,-0.04358580799876166,-0.028351282590034055
2021-06-29,-0.029841991065031492,-0.04064150932028465,-0.02414566025633269
2021-06-30,-0.030035458228704348,-0.04268561222763201,-0.024700085894036605
2021-07-01,-0.03777767705652124,-0.05086695072985248,-0.03450008545524963
2021-07-02,-0.030205751580095974,-0.04512576661385337,-0.02483974324829963
2021-07-05,-0.03374729442124058,-0.04868817054158403,-0.027201349684729426
2021-07-06,-0.03772329736886759,-0.052481216267417974,-0.03281139800922983
2021-07-07,-0.03127381767298587,-0.04471222040246614,-0.025937290699736493
2021-07-08,-0.0334653226335595,-0.047444599980988045,-0.026055991676728674
2021-07-09,-0.041672121598691936,-0.054408583098841556,-0.03784315601214416
2021-07-12,-0.03581631270226193,-0.04895826543626802,-0.031125962247641192
2021-07-13,-0.04025069933627046,-0.054251398819245344,-0.03657819349100444
2021-07-14,-0.04108258384997643,-0.05373224884745953,-0.03614914062925734
2021-07-15,-0.048603323438767054,-0.06090800028968568,-0.04278534383057764
2021-07-16,-0.04809540693638692,-0.06239497717563669,-0.03931853568665733
2021-07-19,-0.057161795679941396,-0.07012098217339335,-0.04756374739147806
2021-07-20,-0.05935125708922118,-0.07304796087967713,-0.048934124495922826
2021-07-21,-0.04927526432368812,-0.0640797886859471,-0.03879579866207983
2021-07-22,-0.03770751354737634,-0.052985221085274925,-0.02542703758054632
2021-07-23,-0.04272011526137376,-0.058975485336803746,-0.029798253103324623
2021-07-26,-0.04281967472511505,-0.06036206882184647,-0.027193911980685215
2021-07-27,-0.03783592778412781,-0.05189801710307562,-0.022182544788857173
2021-07-28,-0.045347718816850846,-0.0608432678808164,-0.03183819335776927
2021-07-29,-0.04578475114158542,-0.061605864941510435,-0.030232834888199167
2021-07-30,-0.04477056756568332,-0.0598141594435444,-0.030182860651865373
2021-08-02,-0.02783217957081019,-0.04064503159361699,-0.016408598925803042
2021-08-03,-0.03508081042405642,-0.04636016967103451,-0.023127648438176718
2021-08-04,-0.033575450160498566,-0.04308834577313014,-0.020875009429162095
2021-08-05,-0.026424544173255682,-0.03568160011238308,-0.01186641492000473
2021-08-06,-0.02014198250966126,-0.029925797349040995,-0.006916807293069205
2021-08-09,-0.010446650681052438,-0.019871324174575156,0.0
2021-08-10,-0.00493915249372856,-0.011120290231513175,0.0
2021-08-11,0.0,-2.1254227512423896e-05,0.0
2021-08-12,0.0,-0.007114125931718895,-0.00012276384637066595
2021-08-13,0.0,-0.005846201869316281,-0.001786301760771769
2021-08-16,-0.012462772644699194,-0.017806863506139137,-0.014814989048799743
2021-08-17,-0.02276377212529279,-0.030317427348646286,-0.02440615968085824
2021-08-18,-0.015760600910869393,-0.021966359711149797,-0.01783151325510479
2021-08-19,-0.016785184881085158,-0.024940512979660934,-0.017212922823717003
2021-08-20,-0.019885164864518634,-0.026545954552431028,-0.020767352428658237
2021-08-23,-0.017358397595634845,-0.022806560897632333,-0.015771135994037677
2021-08-24,-0.015278278563613967,-0.022024750033964757,-0.01400732917813552
2021-08-25,-0.010782524668930704,-0.015814845717239234,-0.012710112441919108
2021-08-26,-0.011791600654708079,-0.01577063381818189,-0.010716788110860076
2021-08-27,-0.00948948983293818,-0.013134923549939614,-0.006164700815173396
2021-08-30,-0.01561147475141833,-0.02105565483969618,-0.011526715254134845
2021-08-31,-0.014853883821056901,-0.020921980562909726,-0.011471733335805978
2021-09-01,-0.00558436716777988,-0.00966134302178323,-0.00638666731308013
2021-09-02,-0.003419613386465681,-0.007877106140050993,-0.0024962594124520177
2021-09-03,-4.839010065560423e-05,-0.004500813625969546,0.0
2021-09-06,0.0,-0.0014463269685778268,0.0
2021-09-07,-8.575196249482886e-05,-0.002352431158617274,0.0
2021-09-08,0.0,0.0,0.0
2021-09-09,-0.019353152730103518,-0.019857090787755882,-0.021363081484584212
2021-09-10,-0.01824281495913993,-0.016861564842357013,-0.021248292973803817
2021-09-13,-0.0186258945046468,-0.017811924910528742,-0.018478276684072203
2021-09-14,-0.012839473402054269,-0.01458489602366042,-0.00947609590637799
2021-09-15,-0.014306561861485045,-0.015555369313932976,-0.010994353357599018
2021-09-16,-0.005576449570242503,-0.006187238654756899,0.0
2021-09-17,-0.009493092984629747,-0.010033115657135272,-0.00028932504863732333
2021-09-20,-0.032955136846174016,-0.031067414167829543,-0.026943679189490366
2021-09-21,-0.03828407639134568,-0.03609628959511457,-0.033015714082126
2021-09-22,-0.04281037950415134,-0.04310144012974204,-0.03540189229328494
2021-09-23,-0.031172672030994164,-0.033990246894099685,-0.019130674343318388
2021-09-24,-0.024171672537380062,-0.026214476570288747,-0.011544045137133474
2021-09-27,-0.010415828171256858,-0.0097120740612755,0.0
2021-09-28,-0.01409563954461801,-0.014588595985877806,-0.0027361254616079522
2021-09-29,-0.023899970645112734,-0.024170083814078924,-0.015866616927042942
2021-09-30,-0.0008734429812133904,-0.0017961483321825567,0.0
2021-10-01,-0.028428070872616007,-0.03158257936076048,-0.032774902661538485
2021-10-04,-0.0049191967790017666,-0.0003913127131868199,-0.005888435175181006
2021-10-05,-0.006577424151597233,-0.0012559739108695123,-0.005206492987621103
2021-10-06,-0.016303726213855563,-0.013599879771070356,-0.016397546578065025
2021-10-07,-0.005152397825204047,-0.005178459834964677,-0.007584491050537601
2021-10-08,0.0,0.0,0.0
2021-10-11,0.0,0.0,0.0
2021-10-12,-0.0021675668458460695,-0.0035088957250666297,0.0
2021-10-13,-0.007170600534332161,-0.012868856576457088,-0.005962742850142089
2021-10-14,-0.012296854501827048,-0.018759945965802327,-0.01438055125216997
2021-10-15,-0.0008539257660705735,-0.013344188232102816,0.0
2021-10-18,0.0,-0.002640709270247399,0.0
2021-10-19,-0.0006291027454856657,-0.004815413868528462,0.0
2021-10-20,0.0,0.0,0.0
2021-10-21,0.0,0.0,0.0
2021-10-22,-8.624806986812228e-05,-0.0013488641734757945,0.0
2021-10-25,0.0,0.0,0.0
2021-10-26,0.0,0.0,-0.000535837971293307
2021-10-27,0.0,0.0,0.0
2021-10-28,0.0,0.0,0.0
2021-10-29,-0.016592228019806754,-0.020492911895182986,-0.011818913478452098
2021-11-01,-0.028924422535513417,-0.03538312969308388,-0.01012654923889722
2021-11-02,-0.042008956649552065,-0.047593351143584095,-0.021675749087866736
2021-11-03,-0.02911456311238958,-0.03768181092059364,-0.007165850949582664
2021-11-04,-0.02086072738414735,-0.029667832256025428,0.0
2021-11-05,-0.016529742739703868,-0.023976163886036295,0.0
2021-11-08,-0.008950249266272303,-0.01682227610311593,0.0
2021-11-09,-0.019565151691165128,-0.028268418409565732,-0.00956356592741825
2021-11-10,-0.007732509550041011,-0.01629617904372649,-0.0076925405770459365
2021-11-11,-0.01618237078117668,-0.026663403996419643,-0.017226950067023794
2021-11-12,-0.008910715668611457,-0.020586811894847012,-0.007508020368974022
2021-11-15,-0.0031874447762009206,-0.01699329658353399,-0.002793963818705114
2021-11-16,-0.0066457383832898564,-0.020564308960501765,-0.005805100061338941
2021-11-17,-0.031118172827682145,-0.06033744081699177,-0.039428173465138716
2021-11-18,-0.03782877880552826,-0.07066953082050342,-0.043563514226259814
2021-11-19,-0.03733793822022058,-0.07054936198267803,-0.03880697873663064
2021-11-22,-0.05332887509460482,-0.08761314849975221,-0.054454148266868785
2021-11-23,-0.04460107218397458,-0.07905663350587544,-0.047143283877363884
2021-11-24,-0.045255773100306707,-0.07772384274897204,-0.05042433884071884
2021-11-25,-0.0534347167294591,-0.0868305479136362,-0.060265465667928786
2021-11-26,-0.07211177322748508,-0.10285858347635124,-0.0789476139194838
2021-11-29,-0.08284859264708333,-0.11313799516966705,-0.08771009378341432
2021-11-30,-0.08372268483668577,-0.11856127751584422,-0.08605558825877335
2021-12-01,-0.08230581117669311,-0.11458007183128793,-0.08512497167468014
2021-12-02,-0.0752697611008295,-0.10668989369537762,-0.07228029770514888
2021-12-03,-0.06590083239455213,-0.09763340400494924,-0.06511723339517916
2021-12-06,-0.06358040470350912,-0.09442500644830021,-0.06192612633095895
2021-12-07,-0.05551919758947832,-0.08697804571452417,-0.05721816714073735
2021-12-08,-0.04804892033385155,-0.08141716636019125,-0.049819836857301514
2021-12-09,-0.049041304088259685,-0.08113968856497666,-0.05139704339544504
2021-12-10,-0.05240771607415218,-0.0849016483532461,-0.05352912546756117
2021-12-13,-0.05344478233958283,-0.08588139568313802,-0.05234084240671566
2021-12-14,-0.05139044034000084,-0.08603521238404077,-0.0504921025245223
2021-12-15,-0.05072295497417134,-0.08648952319154313,-0.05283018697111863
2021-12-16,-0.0478321999649538,-0.08615265418737872,-0.04719443304732518
2021-12-17,-0.04267567540395267,-0.07577574579843105,-0.04091320085653283
2021-12-20,-0.050004466810818826,-0.07930990434542573,-0.047572337735190984
2021-12-21,-0.04660754206886686,-0.07581742662652857,-0.04456601007055494
2021-12-22,-0.047951585763728044,-0.07635927968227929,-0.044257900250129434
2021-12-23,-0.04288867921243866,-0.07199778578678562,-0.03964109310287556
2021-12-24,-0.04003803245997739,-0.06843980644309355,-0.03721263048616319
2021-12-29,-0.027149104343755615,-0.05651741962375578,-0.024070977912360125
2021-12-30,-0.02589212179372624,-0.05436340352424074,-0.022462025956102027
2021-12-31,-0.03687248229585616,-0.06529579604434133,-0.032850345478142584
2022-01-04,-0.018453964086569186,-0.04984141592977842,-0.012700924109767198
2022-01-05,-0.009600516670021597,-0.04285291530861757,-0.0009052046159259142
2022-01-06,-0.03193287257352839,-0.06554551896865601,-0.02827731942754097
2022-01-07,-0.014035833504727924,-0.046829761279615134,-0.0094227070690861
2022-01-10,-0.015907039502485065,-0.04432013332009632,-0.013633185646386936
2022-01-11,-0.026693818948961723,-0.05458193575879011,-0.027305419135366882
2022-01-12,-0.023629865737411992,-0.054583055486549514,-0.021477288106880987
2022-01-13,-0.01690419040104263,-0.04849279114817184,-0.0169373326746467
2022-01-14,-0.02515554671309206,-0.05814713006416339,-0.026810758459339112
2022-01-17,-0.020804269876953163,-0.05517055980239172,-0.022549104134834574
2022-01-18,-0.022836747009119862,-0.05756385401342168,-0.025502257529262495
2022-01-19,-0.038016629767806176,-0.06913247266411826,-0.0469986484972994
2022-01-20,-0.04396535908857524,-0.07594256559752055,-0.05227905623574447
2022-01-21,-0.06041442357130533,-0.08728310251234117,-0.07360202501229385
2022-01-24,-0.06581045264343743,-0.09120805206225546,-0.07658625887217241
2022-01-25,-0.09138050408399956,-0.11467017780380628,-0.09866456740488738
2022-01-27,-0.09933528630226962,-0.12227774339432107,-0.11529144200611785
2022-01-28,-0.07908648000815188,-0.10462950335734611,-0.09093688243006026
2022-01-31,-0.09874701709177014,-0.12246404544470324,-0.10948507941552366
2022-02-01,-0.08919701052667106,-0.11628956238206778,-0.09869531313724889
2022-02-02,-0.0781731089343467,-0.10767854916655295,-0.08614287910676033
2022-02-03,-0.07784328903404825,-0.10685711471828596,-0.09434066663795082
2022-02-04,-0.06966190294486252,-0.09867514324730342,-0.08457419300444036
2022-02-07,-0.07372680010605293,-0.10212327632445051,-0.08366174972105611
2022-02-08,-0.05964054027540466,-0.09420582900034191,-0.06563318204746416
2022-02-09,-0.04056030734610094,-0.06294780688696022,-0.04830148756063157
2022-02-10,-0.029606024833950473,-0.04678939573237273,-0.04981673172519496
2022-02-11,-0.030755623151495715,-0.051978893673176985,-0.05744110850382611
2022-02-14,-0.011040892924250034,-0.028816426999166977,-0.044593055417974536
2022-02-15,-0.022054075598643363,-0.04109863150400461,-0.05165580361984712
2022-02-16,-0.011865299649293948,-0.03247423792511184,-0.04040266344847154
2022-02-17,-0.008832987527959246,-0.02781796063676434,-0.040912004703812066
2022-02-18,-0.01744862966063665,-0.034363692159588344,-0.05406869790915281
2022-02-21,-0.01327181868000582,-0.028414282427964954,-0.05238684793233683
2022-02-22,-0.028387228110832274,-0.04433950964698219,-0.06918625581792115
2022-02-23,-0.02951939850982177,-0.04219577439538391,-0.06879318530633594
2022-02-24,-0.0590579680915001,-0.0656812769753452,-0.10015943969375274
2022-02-25,-0.0674701867600731,-0.07657362046510519,-0.10124800391964683
2022-02-28,-0.06813024264171508,-0.07838013380231046,-0.1017645313169826
2022-03-01,-0.05786493600103926,-0.06759532403128832,-0.09084733191736905
2022-03-02,-0.07125986871592804,-0.07707461470265187,-0.10174197426417297
2022-03-03,-0.07037455124692693,-0.07802106359517291,-0.10000914221566637
2022-03-04,-0.0767749354819558,-0.08309249546262287,-0.10329648952016468
2022-03-07,-0.09048082373718158,-0.09264586520515106,-0.11570009562286554
2022-03-08,-0.09007573379779976,-0.09028790212071758,-0.11244259920707511
2022-03-09,-0.07611380291809955,-0.07544080433793743,-0.09780662291553432
2022-03-10,-0.04715488419613656,-0.048584614706284945,-0.06972846315888115
2022-03-11,-0.050748064230688006,-0.05042333447143821,-0.0772037184440938
2022-03-14,-0.028039219998421627,-0.02797584824715804,-0.05308032955749109
2022-03-15,-0.02086578932797023,-0.01636545895769903,-0.046807226359256715
2022-03-16,-0.009684799902766716,-0.007474106407940884,-0.03383886570420669
2022-03-17,0.0,0.0,-0.02285285909777468
2022-03-18,0.0,0.0,-0.015672807809092748
2022-03-21,-0.003811003932992496,-0.005480861173736917,-0.01781801385099724
2022-03-22,0.0,-0.0003225626453591257,-0.010648001400855645
2022-03-23,0.0,0.0,0.0
2022-03-24,-0.003595364764797937,-5.5807463784862676e-05,-0.007639355325321562
2022-03-25,-0.007726004957297805,-0.007905139392753724,-0.011287635705359289
2022-03-28,0.0,-0.0013469204507807753,-0.004302585370722478
2022-03-29,0.0,0.0,0.0
2022-03-30,0.0,0.0,0.0
2022-03-31,-0.010452913773628558,-0.009501476711368806,-0.014325310304908578
2022-04-01,-0.015616810492648625,-0.018276113578346687,-0.016383069570955477
2022-04-04,-0.019403182726184465,-0.023569159137752815,-0.01964997885756603
2022-04-05,-0.016027416003547956,-0.01902146654831982,-0.015238452860398266
2022-04-06,-0.009098962509757835,-0.008786495779255499,-0.011789786335433594
2022-04-07,-0.01472079391589276,-0.013156761661753835,-0.020030059760693164
2022-04-08,-0.011836489548842422,-0.011941359690883946,-0.015792364050118524
2022-04-11,-0.005134441967373338,-0.0013690986259662363,-0.01222239241237666
2022-04-12,-0.007201530316026772,-0.003898449621148048,-0.011964401270076697
2022-04-13,-0.005160597021009794,-0.0018375989813111948,-0.012118598902761124
2022-04-14,-0.00783325361768139,-0.005466352850422074,-0.011769597272593857
2022-04-19,0.0,0.0,-0.003869378278317126
2022-04-20,0.0,0.0,-0.0003121944117877584
2022-04-21,0.0,0.0,0.0
2022-04-22,-0.015434264848452561,-0.018393907345489957,-0.019292846610532766
2022-04-26,-0.02586911894975441,-0.02761880866114963,-0.029773045446685242
2022-04-27,-0.04431528313410049,-0.045154435543773186,-0.047261223558168086
2022-04-28,-0.03910000474513875,-0.041824285021220375,-0.04035165718880118
2022-04-29,-0.027984643739716875,-0.03235113793678435,-0.029109246061886584
2022-05-02,-0.03502220963303737,-0.03820001276665186,-0.03960703703064228
2022-05-03,-0.037490613782723226,-0.04201339796405534,-0.04187903326689324
2022-05-04,-0.030710070964369507,-0.034854010469193675,-0.03567006964276753
2022-05-05,-0.036242232304472655,-0.035759515660842234,-0.03895889124255714
2022-05-06,-0.05995128459306176,-0.04973180354721052,-0.07493556340829066
2022-05-09,-0.05804344810070472,-0.04115072355279148,-0.08122970333952795
2022-05-10,-0.06261403679172606,-0.04475917955918707,-0.08949106379914318
2022-05-11,-0.06979429049880592,-0.05379169946307771,-0.08876113751057302
2022-05-12,-0.07919986418700786,-0.056463239481341576,-0.10274286341255157
2022-05-13,-0.06544070087061504,-0.04938206509505216,-0.08448679780971446
2022-05-16,-0.05803135667957282,-0.03968045128357711,-0.07861367159857058
2022-05-17,-0.05209581196820745,-0.030902937689321064,-0.07014728463900388
2022-05-18,-0.05126894124677961,-0.03259936567996402,-0.06829276079551427
2022-05-19,-0.06680046374932358,-0.04572374633996279,-0.08336535925442246
2022-05-20,-0.057593732432854816,-0.03865177866505287,-0.07152120874569623
2022-05-23,-0.06376538296087131,-0.04354953242918569,-0.07625932622692377
2022-05-24,-0.06045246285488637,-0.03798545389772967,-0.07568636786785587
2022-05-25,-0.0510836562971112,-0.026009311884689912,-0.07081624495124739
2022-05-26,-0.05393761569973354,-0.02940125166206331,-0.07468867073138286
2022-05-27,-0.042986034267688766,-0.020662002054729234,-0.05842417815172607
2022-05-30,-0.03502576059600715,-0.017095195445042788,-0.04732452566666734
2022-05-31,-0.0530367871563151,-0.03565786065892673,-0.06381475880818976
2022-06-01,-0.040703913238630096,-0.021253168777333742,-0.04862102872760443
2022-06-02,-0.053622350227373605,-0.03151072896580698,-0.0654793162009335
2022-06-03,-0.0524668572425383,-0.031445055866917704,-0.06435395622305429
2022-06-06,-0.05775389865579361,-0.03622125555415756,-0.06965202410387106
2022-06-07,-0.08117004163103814,-0.060543443084470794,-0.09360382718341165
2022-06-08,-0.11015015898591562,-0.10167607409057611,-0.11305144182099025
2022-06-09,-0.12995163737931192,-0.1259591621703462,-0.12840258423053863
2022-06-10,-0.14413784637471672,-0.13709161913265921,-0.14734900736077983
2022-06-14,-0.1795799349402587,-0.16820346748900983,-0.18182817002801743
2022-06-15,-0.18899620386421934,-0.17888629819828716,-0.18539939814115258
2022-06-16,-0.19223867736534406,-0.18355172192241054,-0.1864849114547129
2022-06-17,-0.20934208701662194,-0.20163489484152164,-0.20988304367551835
2022-06-20,-0.20446131707149062,-0.19857768304037804,-0.20427363301072177
2022-06-21,-0.1836242794257842,-0.17638751365876415,-0.1874114288617501
2022-06-22,-0.1882048879494964,-0.179850898137629,-0.19220237579261323
2022-06-23,-0.18324305766547078,-0.17626623992830048,-0.18770181851994827
2022-06-24,-0.18378164160121246,-0.17722716195216326,-0.18395160596030147
2022-06-27,-0.16227892692638257,-0.15108828099445104,-0.16475405044493185
2022-06-28,-0.16504209056384433,-0.1549444167768903,-0.16476020243423795
2022-06-29,-0.1603041422146032,-0.1520998715023193,-0.16340827434278893
2022-06-30,-0.18082916718543451,-0.17356744623118847,-0.18406736806329604
2022-07-01,-0.18069542997707178,-0.1727021794013731,-0.18385732547789668
2022-07-04,-0.17087222765184817,-0.16421104641868245,-0.17328618739348256
2022-07-05,-0.17088670296708575,-0.16555797689182272,-0.1713993414895718
2022-07-06,-0.1625138004120198,-0.15672868832585818,-0.165173469428458
2022-07-07,-0.1553134032699135,-0.14955232890052383,-0.15704501547804217
2022-07-08,-0.1575665405514418,-0.15248396567880895,-0.15934711651706268
2022-07-11,-0.16338143136553474,-0.1557563333172154,-0.16559535318712104
2022-07-12,-0.15728184191964034,-0.1474080071986167,-0.1610250280601081
2022-07-13,-0.15131648794080998,-0.14126634865112753,-0.1509232795265355
2022-07-14,-0.16077270938344246,-0.1515931557819421,-0.15975113718096046
2022-07-15,-0.1653037404828941,-0.15248134926710522,-0.16691816696191175
2022-07-18,-0.15293644637583748,-0.14171336184787542,-0.15198151353308287
2022-07-19,-0.1535165830824209,-0.13589414460549365,-0.16005105879560955
2022-07-20,-0.14176205411869214,-0.12672935372843974,-0.14235814234227362
2022-07-21,-0.13184489196311577,-0.11553048771263519,-0.1319781507037049
2022-07-22,-0.12375026330858185,-0.10868167836250342,-0.1288119181675722
2022-07-25,-0.12509084125602488,-0.11153365148590566,-0.1314281544284417
2022-07-26,-0.12432633132041726,-0.11246043790727445,-0.12942678054521883
2022-07-27,-0.11685905794199258,-0.09886228211781967,-0.1240121241465646
2022-07-28,-0.10874061510233901,-0.09289869849300592,-0.11016302825031243
2022-07-29,-0.10111552435353321,-0.08599475651623756,-0.10138163719624183
2022-08-01,-0.10190320432471078,-0.08408692929420136,-0.1029196269674465
2022-08-02,-0.09575558036525211,-0.07460958316631416,-0.10033220644287111
2022-08-03,-0.10481275996867023,-0.08481284678110435,-0.11191138089806763
2022-08-04,-0.10086701295058631,-0.07794855128861611,-0.1075352341886936
2022-08-05,-0.098197493292556,-0.07725052845831815,-0.1056623979991893
2022-08-08,-0.09697493152283898,-0.07312451822258015,-0.1018962406168763
2022-08-09,-0.10610418802356125,-0.0858897446092669,-0.10500324306985787
2022-08-10,-0.09764212391045335,-0.0786126166091411,-0.10536496466341927
2022-08-11,-0.08694589797948715,-0.07191315710258894,-0.09615705427174026
2022-08-12,-0.08498143198791674,-0.07000486393472649,-0.09880425958592931
2022-08-15,-0.08402915091368224,-0.07141747458550296,-0.09449517377504835
2022-08-16,-0.08119368454894627,-0.0676028199439963,-0.08830466151280181
2022-08-17,-0.07626054912262636,-0.06254868657586399,-0.08456074841568673
2022-08-18,-0.07848000990824822,-0.060087465338321655,-0.08465839327159586
2022-08-19,-0.08823082353078415,-0.07052029167270124,-0.09084035886626574
2022-08-22,-0.10112627900546023,-0.08244534855805807,-0.10425941896406998
2022-08-23,-0.12095998945201136,-0.10086317305773806,-0.12669242244704193
2022-08-24,-0.11645462588151634,-0.09811128192791374,-0.12279162668225285
2022-08-25,-0.10847920151782242,-0.09088965500996926,-0.11361529597609266
2022-08-26,-0.10201354317758671,-0.08535428905765441,-0.10665473328886799
2022-08-29,-0.12217116409670059,-0.10497603954288359,-0.12668823395667084
2022-08-30,-0.11857702690175176,-0.10225633418931324,-0.12285918324738643
2022-08-31,-0.10650251566953872,-0.09008029774849724,-0.11301524266484475
2022-09-01,-0.11826249667471056,-0.10265090723323522,-0.12597434119904805
2022-09-02,-0.1101645073670956,-0.09498334597894131,-0.11610704667062866
2022-09-05,-0.11133281609571322,-0.09843283618114018,-0.11413630590025425
2022-09-06,-0.11479488312019037,-0.1018055528864078,-0.1183768932912801
2022-09-07,-0.1354590784900872,-0.12212154027469513,-0.13949314854596895
2022-09-08,-0.11829052052913769,-0.10899697032521527,-0.12019519517622901
2022-09-09,-0.1152818631751108,-0.10515521330518862,-0.1192833990828136
2022-09-12,-0.10563423365285762,-0.09733039086789486,-0.10797701017701422
2022-09-13,-0.09749502876453964,-0.08721435667235966,-0.09839577180049286
2022-09-14,-0.12276376634858988,-0.11344589462759558,-0.12674829645909236
2022-09-15,-0.10966371961155741,-0.10159634419593211,-0.11935443238840782
2022-09-16,-0.11579374127180553,-0.10533974526120016,-0.13100445103680058
2022-09-19,-0.11594411518672909,-0.10499675925892649,-0.12864345282169598
2022-09-20,-0.10461796099937215,-0.08999336719443374,-0.1197044373712034
2022-09-21,-0.11416518543303411,-0.09953892911315176,-0.1292665170309274
2022-09-23,-0.1299814006058584,-0.11452137720407818,-0.14863931183022283
2022-09-26,-0.1366716615364878,-0.11883144522420397,-0.15520259612464782
2022-09-27,-0.1393403592727418,-0.1213957884139687,-0.1589063547031252
2022-09-28,-0.1485342001593153,-0.1289475806507916,-0.1712129234872457
2022-09-29,-0.14032807549291337,-0.1215373330273204,-0.16408459608267667
2022-09-30,-0.1628968562723525,-0.14214519919738688,-0.19092639937364053
2022-10-03,-0.16553045126556143,-0.14380121102100196,-0.1943207585466884
2022-10-04,-0.1286296726761017,-0.10654350976702076,-0.1574657484063492
2022-10-05,-0.1058630569324851,-0.08234647310279386,-0.13561283275779823
2022-10-06,-0.10927511417670177,-0.0878396537060423,-0.13579797744561506
2022-10-07,-0.1141444649083404,-0.09176981924716365,-0.1420091109723567
2022-10-10,-0.12710443016448925,-0.10540299416565191,-0.1537907019945518
2022-10-11,-0.13023289100940116,-0.10976401228341204,-0.15889392864923424
2022-10-12,-0.11160216874725315,-0.08714846852363334,-0.1452561636729801
2022-10-13,-0.09629823815220628,-0.06704302331193113,-0.1369872784638112
2022-10-14,-0.08370670491029386,-0.05525929872928148,-0.1244246784630022
2022-10-17,-0.09479167883571638,-0.06229512095800771,-0.14189454601290696
2022-10-18,-0.0735448883189882,-0.04449385361514524,-0.11529824700781499
2022-10-19,-0.07092046899104565,-0.04200064423129435,-0.11307313484582471
2022-10-20,-0.07223541382630094,-0.03755201771009198,-0.12136141692625357
2022-10-21,-0.08131535376065391,-0.049273875239753684,-0.12824932080345375
2022-10-24,-0.07198431251859272,-0.04075833747045654,-0.11510785464503537
2022-10-25,-0.06260479343858227,-0.03231348399022704,-0.10223304740629724
2022-10-26,-0.058475029825546865,-0.028849575548891337,-0.09836601300738734
2022-10-27,-0.0661617617660325,-0.0336169341703112,-0.09990678638147177
2022-10-28,-0.06078947958193648,-0.02683701282201556,-0.09556203272625696
2022-10-31,-0.0487351388011148,-0.015536447545632548,-0.08208930308240048
2022-11-01,-0.03716145877300836,-0.0044276317363501905,-0.06953020116380071
2022-11-02,-0.03899059873603372,-0.0031115356770443636,-0.0759011120365568
2022-11-03,-0.054734004410027404,-0.020330495019973416,-0.08945368557388966
2022-11-04,-0.05258789612662107,-0.023188820018518297,-0.08593562486762207
2022-11-07,-0.06464130622631659,-0.03712092000103995,-0.08887760124233723
2022-11-08,-0.054761038464296585,-0.024720600721717,-0.07873688942724744
2022-11-09,-0.052406128485485204,-0.023916206381884297,-0.07314820684573498
2022-11-10,-0.06247553856716492,-0.03336386539951053,-0.08086483731856786
2022-11-11,-0.04015360920056521,-0.01610218875426106,-0.05090017870422092
2022-11-14,-0.048400747024818336,-0.023467546092828306,-0.05920809071684374
2022-11-15,-0.043229843649917,-0.016821071932992204,-0.05003841483101801
2022-11-16,-0.05107480429630895,-0.026950041783739165,-0.061090425024762474
2022-11-17,-0.04415202870641932,-0.020158675518083147,-0.05263938367440002
2022-11-18,-0.03903863482012826,-0.013780821654203801,-0.05076958612828941
2022-11-21,-0.0335915120117124,-0.0053455914357545264,-0.04941952099994784
2022-11-22,-0.03368800296665153,-0.0019524826302289577,-0.04997889083808227
2022-11-23,-0.026017004755141016,0.0,-0.04135672199500062
2022-11-24,-0.029685413913289938,-0.0034530167531088285,-0.04419744693112182
2022-11-25,-0.023661323063972284,0.0,-0.038902721863886436
2022-11-28,-0.02643890035586227,-0.004791757278336473,-0.04158015764543377
2022-11-29,-0.024943334961741614,-0.004203848945000255,-0.04283315215513461
2022-11-30,-0.02732530294465141,-0.007151069349275785,-0.04308101612207915
2022-12-01,-0.018882754393722667,-0.0010562594659778712,-0.03238332106969555
2022-12-02,-0.02907759984498348,-0.011661038604106055,-0.04347805287683948
2022-12-05,-0.030547614343352736,-0.013162369900940885,-0.043521076579137175
2022-12-06,-0.03814225642754576,-0.017613240783360573,-0.05397438936359911
2022-12-07,-0.04970048523698245,-0.0272693880448156,-0.06595395032303242
2022-12-08,-0.06179954125159792,-0.03667122820978863,-0.07491459292864022
2022-12-09,-0.06383664765042363,-0.03637616484331041,-0.08223175809284555
2022-12-12,-0.060681251018508076,-0.03537134260345931,-0.07395261912591689
2022-12-13,-0.04670442636098826,-0.02193104743551022,-0.06376945809640533
2022-12-14,-0.04628825796393954,-0.021726008674519903,-0.059860624415412955
2022-12-15,-0.05020495101430311,-0.023335848225233713,-0.06645680275528854
2022-12-16,-0.05989215207391474,-0.032510190270093386,-0.07515331798115965
2022-12-19,-0.06223695603362811,-0.03514353163967321,-0.07854752835524903
2022-12-20,-0.06481730128954066,-0.036091154092081856,-0.08501001105055772
2022-12-21,-0.059440729380148105,-0.03392638167948003,-0.08109586360543886
2022-12-22,-0.056019403273271484,-0.02908775306046496,-0.07648677197060194
2022-12-23,-0.059061653799387326,-0.03344492868998539,-0.0807803645972105
2022-12-28,-0.0661245530942165,-0.04229029693678055,-0.08839972917608008
2022-12-29,-0.07448696282121336,-0.05118842987798278,-0.09742384033731144
2022-12-30,-0.07050043813987417,-0.04704617104948805,-0.09296999286552265
2023-01-03,-0.0898598395599376,-0.06656979876137747,-0.10834103545251283
2023-01-04,-0.06802384951446938,-0.0458974775933072,-0.08457516470849236
2023-01-05,-0.06367345980428218,-0.04289366644672321,-0.07924818044453152
2023-01-06,-0.06473620276213388,-0.0450972813724515,-0.07880947135100835
2023-01-09,-0.06103983311669081,-0.04279368880081691,-0.0746787312870042
2023-01-10,-0.061782190273609316,-0.04293763348514612,-0.07577886901684994
2023-01-11,-0.0584705198558807,-0.041331236749462485,-0.07269556303641456
2023-01-12,-0.04427540801787011,-0.02670332760902927,-0.059013020914001846
2023-01-13,-0.03339558796831965,-0.014554757001120522,-0.04963401590947758
2023-01-16,-0.02327405727593601,-0.005462495385753607,-0.04053840405470188
2023-01-17,-0.023611220509619835,-0.0050760390100828,-0.041662230259651656
2023-01-18,-0.0247193598205544,-0.0058774611164500445,-0.041134381377011975
2023-01-19,-0.01814049608344659,0.0,-0.031324972511126314
2023-01-20,-0.020855527478691127,-0.001158848171901261,-0.03454017695349909
2023-01-23,-0.019626194180905276,-0.0022772740816093817,-0.03150008315843045
2023-01-24,-0.023538195374395388,-0.008718995269073826,-0.03075369661839389
2023-01-25,-0.020508328105630858,-0.00464615043284311,-0.026506030400235026
2023-01-27,-0.009099720076092166,0.0,-0.015312663180744202
2023-01-30,-0.010624745962276583,-0.0019963500353621377,-0.017057715706093823
2023-01-31,-0.009716595259001148,-0.001216874258636591,-0.015035743372110666
2023-02-01,-0.009790044457563152,-0.002029216400378453,-0.01498092635507231
2023-02-02,-0.010191036797847164,-0.005929920818927736,-0.010275819131444708
2023-02-03,0.0,0.0,-0.0008492688622457889
2023-02-06,-0.004284191965017503,-0.003220166492413079,-0.006362788192138535
2023-02-07,-0.004976329359694165,-0.006609341621910958,-0.005176177097602985
2023-02-08,0.0,-0.0010984570517025283,0.0
2023-02-09,-0.0010453622485621095,-0.0019790673991484375,-0.0021494656475349316
2023-02-10,-0.008001612698472327,-0.0065504926244869255,-0.009586461276825275
2023-02-13,-0.013424916897036732,-0.012652519172011045,-0.014716465108444265
2023-02-14,-0.009047217033089305,-0.009139827753179008,-0.011507862254443557
2023-02-15,-0.04534349663126469,-0.05513176599139902,-0.04359914957149669
2023-02-16,-0.043160385845007476,-0.05905428739894958,-0.04235656171120661
2023-02-17,-0.055088833832144024,-0.06677392113490421,-0.05548539451481027
2023-02-20,-0.04570739306390026,-0.05613091106601975,-0.04620107787892325
2023-02-21,-0.050968796250303705,-0.062374387866346304,-0.050659338670591914
2023-02-22,-0.04910150723717721,-0.062108046470081835,-0.050206956874546904
2023-02-23,-0.054149818885767864,-0.06453256770275151,-0.05190471873527458
2023-02-24,-0.05069538797209061,-0.05877862688959745,-0.046584760211874854
2023-02-27,-0.049139504863243255,-0.056516937347200646,-0.04648256673969087
2023-02-28,-0.05236121692166451,-0.061680127511438476,-0.048456699798693714
2023-03-01,-0.06600759762291364,-0.07798642502606401,-0.05878627625750621
2023-03-02,-0.08593209168379967,-0.09667620000051969,-0.07886191659356534
2023-03-03,-0.0801792903454156,-0.09048086483172446,-0.07411211969930331
2023-03-06,-0.06626620850730536,-0.07915346535048318,-0.05900129468855542
2023-03-07,-0.0566003024659425,-0.07187382669668918,-0.04953779685869297
2023-03-08,-0.06480013515217276,-0.07923391339732233,-0.05736893462656678
2023-03-09,-0.05796120937654026,-0.07169448899625086,-0.054614172558520524
2023-03-10,-0.08563204362853882,-0.0992874005490273,-0.08400047113583631
2023-03-13,-0.09782989782045637,-0.10902729428727387,-0.0936256388128337
2023-03-14,-0.10922766290434427,-0.1143589881930166,-0.10602073177456162
2023-03-15,-0.1021573304564588,-0.10874647980138807,-0.10042311041413188
2023-03-16,-0.11665813127576063,-0.11985718649946853,-0.1109604265475077
2023-03-17,-0.10982251201115634,-0.1116060722285086,-0.1047440897075308
2023-03-20,-0.12476543192935607,-0.11965285001085701,-0.12431739094524774
2023-03-21,-0.11272079190423734,-0.11173421281327212,-0.10890760505289043
2023-03-22,-0.1096762940331878,-0.10858614452210835,-0.10454499200408751
2023-03-23,-0.11724705406864422,-0.1137685153935154,-0.1120884735858656
2023-03-24,-0.12667079691340044,-0.12364665207681791,-0.12089295112528109
2023-03-27,-0.12964716508823204,-0.12536998710656444,-0.12936708576965306
2023-03-28,-0.11870203948480829,-0.11542219872851411,-0.11673796169033968
2023-03-29,-0.1239449423442961,-0.12030888965121178,-0.11747473789945717
2023-03-30,-0.11097653108286532,-0.10628405270124486,-0.10607009049405214
2023-03-31,-0.1053712010688006,-0.10323448850173422,-0.09571875435548183
2023-04-03,-0.09691874117196009,-0.09469938145396672,-0.08739291941140093
2023-04-04,-0.09422330349055086,-0.0950294823126615,-0.08340986117921845
2023-04-05,-0.09550536328059256,-0.0952980502046985,-0.08568249558354746
2023-04-06,-0.09880461488622727,-0.09726970019174186,-0.08890750350192966
2023-04-11,-0.08702906754650896,-0.08619690905286981,-0.07908819959679358
2023-04-12,-0.08805964613041384,-0.0891054101405071,-0.0795024230597422
2023-04-13,-0.08958973070252862,-0.09261102879636407,-0.08422977892768446
2023-04-14,-0.08165437819602839,-0.0844250048568641,-0.07695662325531516
2023-04-17,-0.07664474707816549,-0.07969125167012336,-0.0722551773357224
2023-04-18,-0.0770239920114445,-0.08023777204612947,-0.07433687332169236
2023-04-19,-0.0788632398282102,-0.08208657741283465,-0.07478671529132375
2023-04-20,-0.06620529945405274,-0.06802137222254845,-0.06365212411974286
2023-04-21,-0.0722142982129671,-0.0775984073866931,-0.06637118330698188
2023-04-24,-0.07433295177840238,-0.0774359508786604,-0.06916673091160308
2023-04-26,-0.0741995326073317,-0.0773218472958268,-0.07022932360729961
2023-04-27,-0.07802510355517889,-0.08192804724968361,-0.07485470260226301
2023-04-28,-0.07140884780636225,-0.07679124748234922,-0.06825700848845262
2023-05-01,-0.06390588980374279,-0.06867740272616807,-0.06074963382143217
2023-05-02,-0.06862544468001486,-0.07152677983921263,-0.06771428583494588
2023-05-03,-0.08382708995730348,-0.08781885426126168,-0.08190118122169177
2023-05-04,-0.11355090026317771,-0.12150568212791757,-0.09983462611664717
2023-05-05,-0.11078005204660046,-0.11894365666729845,-0.09736362426430123
2023-05-08,-0.10585715099611503,-0.1080563428315765,-0.09996734505957572
2023-05-09,-0.09816312373522751,-0.10383131861061312,-0.09014759099529768
2023-05-10,-0.09875619714638484,-0.10424065414773509,-0.08789969533042763
2023-05-11,-0.09241756214593289,-0.0991145509295055,-0.08053088471313541
2023-05-12,-0.09036604636939272,-0.09650767658613746,-0.07842215901605565
2023-05-15,-0.09148000623621033,-0.09786478901977957,-0.0801624870301263
2023-05-16,-0.0935907333799656,-0.10125880532310683,-0.0845475310854501
2023-05-17,-0.10006791221181499,-0.10749190939715081,-0.09146054957684135
2023-05-18,-0.09471309606336009,-0.10191172324447906,-0.0847678799000533
2023-05-19,-0.08073889302008208,-0.0877324243173353,-0.06941313613758582
2023-05-22,-0.08676501858958297,-0.09519131592889618,-0.07407994904716098
2023-05-23,-0.0781364838313976,-0.08890332628106767,-0.06274556146293775
2023-05-24,-0.0808742846050684,-0.08844163322606202,-0.06694005352644139
2023-05-25,-0.10058303055763973,-0.10725703604745251,-0.08749281031602885
2023-05-26,-0.0967593768920757,-0.10345516436380686,-0.08414316347122142
2023-05-29,-0.08530519155912819,-0.09179888800329394,-0.07197581914357376
2023-05-30,-0.09056572483416436,-0.0954916465785639,-0.07759596609733133
2023-05-31,-0.11078038945430624,-0.11556813684210476,-0.09952938092140085
2023-06-01,-0.11268690946445714,-0.11661115935256183,-0.10114110432638679
2023-06-02,-0.11386274650940587,-0.11841896497697457,-0.0996931806024256
2023-06-05,-0.1034070367044797,-0.11006171242949869,-0.08919361419333027
2023-06-06,-0.1163818551314103,-0.12224000573236704,-0.10128835254411994
2023-06-07,-0.12290011536422352,-0.13207454064847024,-0.10368666819888794
2023-06-08,-0.12409799847557279,-0.1309576673628382,-0.10585420157182357
2023-06-09,-0.12067204093587447,-0.12945884990682133,-0.10217101920636906
2023-06-13,-0.11452289054647169,-0.1251849462417226,-0.09149212726878297
2023-06-14,-0.10632642614860177,-0.11661639809469382,-0.0824168940993224
2023-06-15,-0.09805614398355522,-0.1114207778059143,-0.07039929976594317
2023-06-16,-0.08808340819285232,-0.10057122212212721,-0.05887491659672561
2023-06-19,-0.08008117546412241,-0.0910043451839796,-0.052732805710987485
2023-06-20,-0.06993545389169642,-0.07976601218043822,-0.04424900967608392
2023-06-21,-0.07712651741786858,-0.08302624875532327,-0.05513262935594454
2023-06-22,-0.09211134749006777,-0.0958063005644354,-0.07356474647108924
2023-06-23,-0.10675967525302954,-0.10966123382644388,-0.08876163005552618
2023-06-26,-0.11039526037178693,-0.1142609352068471,-0.0916716545612335
2023-06-27,-0.10126912666726973,-0.10592283020025961,-0.08413848511332178
2023-06-28,-0.08900320611088486,-0.09261307596853752,-0.07511271526054608
2023-06-29,-0.08363762276611775,-0.08852790223432105,-0.06903862188845944
2023-06-30,-0.08241312255050615,-0.08830542010658315,-0.06573433953143215
2023-07-03,-0.0786430366155978,-0.08400309640321468,-0.06182342459983381
2023-07-04,-0.06871381663906695,-0.07280109001428525,-0.05287388723601605
2023-07-05,-0.0748406565048868,-0.07872627724569137,-0.05806756405533153
2023-07-06,-0.09118054004635612,-0.09404105454424139,-0.07313695729364533
2023-07-07,-0.10315812226507426,-0.10705355384608028,-0.08633190855380146
2023-07-10,-0.10503317815727109,-0.10834609007807905,-0.08950613989020706
2023-07-11,-0.08856522651587717,-0.09418230873555578,-0.07422776543535892
2023-07-12,-0.08415030235505294,-0.09268200036433472,-0.07163637951490154
2023-07-13,-0.0709826053716599,-0.08149922477297034,-0.05395801868759065
2023-07-14,-0.06468547234243993,-0.0756584626217297,-0.0472886651704193
2023-07-17,-0.061467316450959264,-0.07221527367957203,-0.04424964645786722
2023-07-18,-0.053160937488490045,-0.06268912344586941,-0.04201539514593644
2023-07-19,-0.03693937058767516,-0.045449807001639586,-0.02549176164618061
2023-07-20,-0.034753386334470115,-0.04290759580421777,-0.020152843336689763
2023-07-21,-0.04175086073874412,-0.04850079156017806,-0.02975308435301105
2023-07-24,-0.04309579200830649,-0.05063989415103709,-0.02883840761719203
2023-07-25,-0.04827267872055507,-0.05522248258778506,-0.03435053353190198
2023-07-26,-0.03650415879780433,-0.04354460907474844,-0.025917688726001753
2023-07-27,-0.03446365750605851,-0.03241362469318865,-0.03486684981422605
2023-07-28,-0.035842252425569154,-0.03731988349842952,-0.03523447918333744
2023-07-31,-0.036597347108131895,-0.03595737798543197,-0.03800438713649623
2023-08-01,-0.03076702633792805,-0.032343735730750334,-0.031130993736914303
2023-08-02,-0.04883345850448939,-0.051810078881288635,-0.04909967680034222
2023-08-03,-0.054431502032653234,-0.05817144566625321,-0.055804619745811856
2023-08-04,-0.051706697573491445,-0.05836569855398499,-0.053739994104018196
2023-08-07,-0.05339637298848332,-0.06044917180938092,-0.05362286859728449
2023-08-08,-0.05447401414870312,-0.06034475504882264,-0.054443862551937894
2023-08-09,-0.041389251362693336,-0.04169852610258229,-0.043481371528949375
2023-08-10,-0.0419480603819441,-0.04264917351349218,-0.044700673376496636
2023-08-11,-0.0425474818376973,-0.0432181614359205,-0.04496402606030181
2023-08-14,-0.048683629346097934,-0.05080518402636769,-0.04850497855325542
2023-08-15,-0.046025253413335854,-0.04833359649690472,-0.04844404819073167
2023-08-16,-0.056971044204230825,-0.05896139326598582,-0.060899666250369466
2023-08-17,-0.07028484348618458,-0.06985514512069946,-0.07141783738749508
2023-08-18,-0.07485390614520393,-0.07457153244286174,-0.07649962536655763
2023-08-21,-0.08280641072825357,-0.08569612005021698,-0.07931146864349847
2023-08-22,-0.07622047958517364,-0.07893689317986508,-0.07521471066474317
2023-08-23,-0.07161731973541174,-0.07189671803433928,-0.07271583465876252
2023-08-24,-0.06049876772312979,-0.060790483543965435,-0.060339921423670506
2023-08-25,-0.06980922023447944,-0.07039639433856126,-0.06842998634645037
2023-08-28,-0.061975177167424955,-0.061673372371170876,-0.06111873900148801
2023-08-29,-0.055048120177053184,-0.056547452009645616,-0.05399094918758207
2023-08-30,-0.044579913623214895,-0.047195452947844774,-0.04384970016920198
2023-08-31,-0.03850216140612561,-0.04141127913588838,-0.03948748230701382
2023-09-01,-0.04391304318815048,-0.04749398883192779,-0.04556654407551608
2023-09-04,-0.040871298558798785,-0.043958932871682954,-0.040923123976531084
2023-09-05,-0.04342704919147733,-0.04638297898215504,-0.04277168794963182
2023-09-06,-0.058404067118867475,-0.05725371765178644,-0.06183891619635151
2023-09-07,-0.060917100935602986,-0.06125075552311399,-0.0629309822202091
2023-09-08,-0.05992430547792427,-0.06040789159465554,-0.06307933407362687
2023-09-11,-0.046485606407488334,-0.046966192293357856,-0.05057481429037125
2023-09-12,-0.04726767193950554,-0.046457375761265074,-0.05294921375025197
2023-09-13,-0.04913851695202831,-0.049514745368231194,-0.05464337770057892
2023-09-14,-0.04334499452004226,-0.04329810327817418,-0.052098015790772
2023-09-15,-0.03533251442439744,-0.0345357414205919,-0.04413617144053583
2023-09-18,-0.03741244163408419,-0.03697558381934141,-0.04777537631635276
2023-09-19,-0.04167085118865377,-0.04205338465924957,-0.04972402093495565
2023-09-20,-0.042928166096408815,-0.04478545868127748,-0.050448540809175824
2023-09-21,-0.0626443892359716,-0.0644190352128946,-0.0686000260712536
2023-09-22,-0.061063498844620034,-0.06197510102145343,-0.06903564043618915
2023-09-25,-0.0641005313005204,-0.06356223910226333,-0.07399384348578952
2023-09-26,-0.06355951805967697,-0.06317321292577083,-0.07336762659221807
2023-09-27,-0.060909862465299724,-0.058626509169332874,-0.07327878016530587
2023-09-28,-0.0629972747116,-0.06194542524787239,-0.07745030534875708
2023-09-29,-0.05714815099759929,-0.05919495322149748,-0.07048665800998188
2023-10-02,-0.059380706539639894,-0.06114816145490021,-0.07145545506594009
2023-10-03,-0.06319870781476256,-0.06430818148502737,-0.07487459343018676
2023-10-04,-0.07958691680086838,-0.07954673322435646,-0.09170135445982319
2023-10-05,-0.07094738266034895,-0.07072727027603876,-0.08271317653201415
2023-10-06,-0.059793993113796295,-0.05784923965465405,-0.07454410318664595
2023-10-09,-0.0601744012292057,-0.05783602689200407,-0.07641758479270178
2023-10-10,-0.05362533561937988,-0.05240160009952577,-0.06823091181918484
2023-10-11,-0.04941855416410468,-0.051302713075404904,-0.062016468486497334
2023-10-12,-0.04177216610744361,-0.04278212064130327,-0.05519268143674605
2023-10-13,-0.047776771480128155,-0.0491834275636438,-0.0603383466097811
2023-10-16,-0.05483523056627915,-0.05460045445420714,-0.06782237552329018
2023-10-17,-0.04817235818274934,-0.04809844586904122,-0.06227767643885829
2023-10-18,-0.04641424662598703,-0.04622053579754082,-0.0613186046322014
2023-10-19,-0.06143461567201858,-0.06039732947025578,-0.07931529584075703
2023-10-20,-0.0744836710945338,-0.07256321300818314,-0.09131035544720045
2023-10-23,-0.0766648285151389,-0.07693240002341328,-0.09366563762869617
2023-10-24,-0.07507244666833357,-0.07544804400308713,-0.09068126585394021
2023-10-25,-0.08073258184584808,-0.08171932873961674,-0.09426913083170485
2023-10-26,-0.08696646953684917,-0.0871851493138367,-0.10123180706065671
2023-10-27,-0.08371814713910164,-0.08161550025826025,-0.09938498120246098
2023-10-30,-0.09459893505159145,-0.09459957449659573,-0.1081993140019486
2023-10-31,-0.08954273366656607,-0.08983296960109288,-0.10399288463197298
2023-11-01,-0.08691329386841407,-0.08595295985823914,-0.10379497071527477
2023-11-02,-0.07343369140902922,-0.07054133818353403,-0.09354231145564418
2023-11-03,-0.05956986385083429,-0.05634210206393475,-0.07943428064349656
2023-11-06,-0.05395299362332562,-0.047566374068827244,-0.0790992028170493
2023-11-07,-0.06651150187538268,-0.05939065190198589,-0.08920496890653362
2023-11-08,-0.058824311199411006,-0.051498957976716664,-0.08106782595627915
2023-11-09,-0.05071688369850491,-0.04321390384401802,-0.06849800989826837
2023-11-10,-0.06161716578597909,-0.054713114628288095,-0.07564107201162296
2023-11-13,-0.06690417350863043,-0.0553410876674747,-0.08299871716336116
2023-11-14,-0.06150675326004407,-0.04924822193718881,-0.07477234729308901
2023-11-15,-0.04922155312145793,-0.04542305887074538,-0.055150285277042466
2023-11-16,-0.04956511853860024,-0.04604571241918598,-0.0541979168965252
2023-11-17,-0.05149514473786443,-0.04667482974843962,-0.05572758598864491
2023-11-20,-0.04542702607328486,-0.04039669247008981,-0.05007211530917277
2023-11-21,-0.04277470414206552,-0.037186550487623315,-0.04650070373988702
2023-11-22,-0.04425420841174732,-0.03741459288535087,-0.04970186516221842
2023-11-23,-0.046711473873695786,-0.03992794674867006,-0.05538770081029987
2023-11-24,-0.043990731646625036,-0.03667614588558166,-0.050998842295327806
2023-11-27,-0.05094340164457345,-0.044260727827643453,-0.059264947857142425
2023-11-28,-0.04403942703831221,-0.03649978433548129,-0.05480383288975477
2023-11-29,-0.04812320948791615,-0.04020845201318701,-0.05602438091004969
2023-11-30,-0.03617449965186581,-0.029061066257946355,-0.04156612929030068
2023-12-01,-0.03870074963161607,-0.031864097247394696,-0.046247710639171324
2023-12-04,-0.03283397174987923,-0.02505949490219983,-0.039480889803799823
2023-12-05,-0.034389185882272244,-0.02584445541169922,-0.043935767133773784
2023-12-06,-0.01841319593093349,-0.009674825498169115,-0.028280594743792964
2023-12-07,-0.021873185036158316,-0.01025899749973791,-0.03398200536340279
2023-12-08,-0.02026751233463786,-0.009200182810043755,-0.03119366991374395
2023-12-11,-0.018774909829029185,-0.006445948962362613,-0.029848267002691498
2023-12-12,-0.014123090487410561,-0.0023240144984595368,-0.02569000068214289
2023-12-13,-0.004869254722057903,0.0,-0.015494513476072336
2023-12-14,0.0,0.0,0.0
2023-12-15,0.0,0.0,0.0
2023-12-18,-0.0002950461543671512,-0.00035152882666900087,-0.00047093771244688387
2023-12-19,0.0,0.0,0.0
2023-12-20,0.0,0.0,0.0
2023-12-21,-0.003107551678626863,-0.002569950897816642,-0.005104173678407764
2023-12-22,-0.0050137200281470395,-0.0037817055065247906,-0.007268086758963399
2023-12-27,-0.00014608098157697924,0.0,0.0
2023-12-28,0.0,0.0,0.0
2023-12-29,-0.003310346502752415,-0.0035823477614800314,-0.004063447861566871
2024-01-02,0.0,0.0,0.0
2024-01-03,-0.01158761671431996,-0.010954157086680238,-0.01406860215885819
2024-01-04,-0.018573274272088103,-0.017697672922584395,-0.021019817193533186
2024-01-05,-0.012929389174219041,-0.008951626199075413,-0.014923284313272278
2024-01-08,-0.016160658656567795,-0.012766325518271282,-0.02143713690674509
2024-01-09,-0.006904677670894088,-0.002930454007432415,-0.013492345269928707
2024-01-10,-0.01061813448821125,-0.009255946238319712,-0.016032401474872504
2024-01-11,0.0,0.0,-0.0026548188268421535
2024-01-12,-0.0023098826222378577,-0.001472404219225787,-0.004072658399195128
2024-01-15,-0.0010966945191357436,-6.103606335827738e-05,-0.0029746247721953445
2024-01-16,-0.00647070751877743,-0.006747129459748424,-0.006685905305643169
2024-01-17,-0.010001561515076696,-0.011128539156511685,-0.01178097367149844
2024-01-18,-0.010419800963166082,-0.010344048433226116,-0.014189585378549863
2024-01-19,0.0,0.0,-0.002868425658138385
2024-01-22,0.0,0.0,0.0
2024-01-23,0.0,0.0,0.0
2024-01-24,-0.0028096402076266402,-0.004689188357974827,-0.0034779867041109247
2024-01-25,-0.0016521853715025792,-0.0028823452293107454,-0.0028870309410301553
2024-01-29,0.0,0.0,0.0
2024-01-30,-0.0007884709116539046,-0.0009639498185238793,0.0
2024-01-31,0.0,0.0,0.0
2024-02-01,-0.01798616015899346,-0.022010844338949398,-0.01910116184851718
2024-02-02,-0.004805697824814437,-0.009145493541521388,-0.004244695181743197
2024-02-05,-0.005188609570719316,-0.008632228595996772,-0.00730511208418827
2024-02-06,-0.008629147855937491,-0.013329302891129657,-0.014342234966541745
2024-02-07,-0.006392852288794715,-0.011607864194906892,-0.010484344354092845
2024-02-08,0.0,-0.0023779887517568765,-0.001100738582245242
2024-02-09,-0.0004761405467166302,-0.0021014751434491608,-0.0007344649352718502
2024-02-12,0.0,-2.9184083043753972e-05,-0.006290485806680457
2024-02-13,0.0,0.0,-0.008486744956688108
2024-02-14,-0.01257175266839361,-0.015296794098686561,-0.01887753447385354
2024-02-15,0.0,-0.0076257351613412405,-0.00301149091279751
2024-02-16,0.0,0.0,0.0
2024-02-19,0.0,0.0,0.0
2024-02-20,0.0,0.0,-0.0030076999406325466
2024-02-21,0.0,0.0,-0.0029399457643998206
2024-02-22,-0.0008199619100432987,-0.0016718376524569312,-0.0019830197488845958
2024-02-23,0.0,0.0,0.0
2024-02-26,0.0,0.0,0.0
2024-02-27,0.0,0.0,0.0
2024-02-28,-0.005769648400879346,-0.006156371801980143,-0.008291123577927384
2024-02-29,-0.0031642859742020413,-0.0032176486323393094,-0.004123243523881048
2024-03-01,0.0,0.0,-0.000424191336916957
2024-03-04,0.0,0.0,0.0
2024-03-05,-0.005458456979222093,-0.0068471758366492885,-0.005439194716826523
2024-03-06,0.0,0.0,0.0
2024-03-07,0.0,0.0,0.0
2024-03-08,0.0,0.0,0.0
2024-03-11,-0.023527899528565266,-0.02780842775212211,-0.019281293040244507
2024-03-12,-0.02253568736295053,-0.027832289192959325,-0.01832647879949756
2024-03-13,-0.01087080642577054,-0.01855746991810625,-0.011887780389422842
2024-03-14,-0.035668496522002546,-0.042105980670092524,-0.028291010341051193
2024-03-15,-0.03661370698575506,-0.04511893758207697,-0.030639998631438403
2024-03-18,-0.0309036888773343,-0.03878770705593093,-0.024940815598208155
2024-03-19,-0.034672603818867054,-0.0427254262051221,-0.029981574919334175
2024-03-20,-0.03688954592759708,-0.044442359363206285,-0.03222451108475144
2024-03-21,-0.019557915009762228,-0.025372377944402724,-0.016115084006817715
2024-03-22,-0.022303763441319235,-0.029162372801092018,-0.019356543134308346
2024-03-25,-0.022222933293033265,-0.026234569369724237,-0.01764079745108338
2024-03-26,-0.02418442912538865,-0.02948955901986927,-0.017235308927245008
2024-03-27,-0.02160001593837768,-0.025452213456909956,-0.013732692107885747
2024-03-28,-0.01785889495682147,-0.02289554487988088,-0.008160560361053393
2024-04-02,-0.01861802299076376,-0.022898903669857806,-0.011779656477952427
2024-04-03,-0.03263927213930273,-0.0372044976342063,-0.027944517380017797
2024-04-04,-0.027552090301288024,-0.03276304497678628,-0.021746005044435135
2024-04-05,-0.030358599311640422,-0.034607869280275594,-0.026400601338285812
2024-04-08,-0.030409138057390872,-0.032865512296437416,-0.029450145356164636
2024-04-09,-0.025837689888836946,-0.025429271880354043,-0.027645881794213123
2024-04-10,-0.027777045606989015,-0.028630474202623657,-0.031235797673857202
2024-04-11,-0.03822191422482746,-0.03948483549914039,-0.04106163960720477
2024-04-12,-0.0407793357119971,-0.04306862424122393,-0.043460877446565904
2024-04-15,-0.04484920945441573,-0.0483826432706842,-0.05120876931316065
2024-04-16,-0.06308816004336948,-0.06800689006094773,-0.06813032188230594
2024-04-17,-0.06620932989827977,-0.07009730004536618,-0.07243178498717362
2024-04-18,-0.058695647415361485,-0.06332077078915199,-0.06434517393741102
2024-04-19,-0.06909094669343308,-0.07217055152572205,-0.0751203900706231
2024-04-22,-0.06060001267574755,-0.06401372150173357,-0.06450397554696208
2024-04-23,-0.049680365797590054,-0.052364107957656225,-0.05270114233399781
2024-04-24,-0.04731590974977229,-0.04793845047431222,-0.05297660146569283
2024-04-26,-0.06186983487148834,-0.06413284969839783,-0.0655559077580079
2024-04-29,-0.05758714974645451,-0.05953819434429042,-0.05981421169005363
2024-04-30,-0.05349195657138628,-0.053990568652560356,-0.056819794047749395
2024-05-01,-0.057985896011524485,-0.058293383178449676,-0.06295146773254079
2024-05-02,-0.04852850514939877,-0.048700962231082445,-0.05374916637297056
2024-05-03,-0.0471662359999836,-0.04348279174629821,-0.05922500551468257
2024-05-06,-0.03370904144885045,-0.029319400405502294,-0.0460937396280906
2024-05-07,-0.01750819312021512,-0.011079905900315934,-0.026466314160002447
2024-05-08,-0.015481282945613573,-0.008775507864347776,-0.023564632767535842
2024-05-09,-0.029189427770782927,-0.0277179222446573,-0.0348923123642334
2024-05-10,-0.019934724626181177,-0.01980110835644655,-0.02662742603025603
2024-05-13,-0.015493598785430551,-0.012980413760665166,-0.020196246653221395
2024-05-14,-0.01761885267367236,-0.01403077539824893,-0.020949969664803114
2024-05-15,-0.024071825097825017,-0.017261131181151246,-0.02497982682046973
2024-05-16,-0.003200216121737709,0.0,-0.002762110231982584
2024-05-17,-0.008538602736276713,-0.004655726936918514,-0.01226651181380689
2024-05-20,-0.0009941013847771796,0.0,-0.002353543534284519
2024-05-21,-0.0003402800184594268,0.0,-0.0032937190899418045
2024-05-22,0.0,0.0,0.0
2024-05-23,-0.008657241035600172,-0.00794411562818853,-0.008114300336924729
2024-05-24,-0.019987253137131344,-0.020870798897537846,-0.019415740448745056
2024-05-27,-0.011360192339037956,-0.012086739321240714,-0.010656589492359037
2024-05-28,-0.012219708476616797,-0.012059316731485414,-0.013052223866082513
2024-05-29,-0.031159970738181775,-0.031150823136088857,-0.02940273596477272
2024-05-30,-0.033277351992151316,-0.03335844324029491,-0.032833330004360395
2024-05-31,-0.023775513014391514,-0.024521002629509514,-0.021009699405069138
2024-06-03,-0.009368120636589206,-0.007776843914853782,-0.009453512870172598
2024-06-04,-0.005612746445839978,-0.002155015499924806,-0.004484853997667626
2024-06-05,-0.000356453179070515,0.0,0.0
2024-06-06,0.0,0.0,0.0
2024-06-07,0.0,0.0,0.0
2024-06-11,-0.009434481226724412,-0.008145116420963272,-0.008872980334647895
2024-06-12,-0.013539970139928914,-0.011987017776341813,-0.014579917706252776
2024-06-13,-0.0097833553872132,-0.004567170727879044,-0.0120232046062424
2024-06-14,-0.01150966067431547,-0.0061325949608903585,-0.014340385385948728
2024-06-17,-0.00832305452942117,-0.002236601681095074,-0.013267303887098958
2024-06-18,0.0,0.0,0.0
2024-06-19,0.0,-0.0031806226971156093,0.0
2024-06-20,0.0,0.0,0.0
2024-06-21,0.0,-0.0004807513481156489,0.0
2024-06-24,-0.005183114828899993,-0.006389510650111174,-0.0037150385124237184
2024-06-25,0.0,0.0,0.0
2024-06-26,-0.008798972307291542,-0.010366763197609652,-0.007751063937097902
2024-06-27,-0.013946794272368113,-0.0166269518863007,-0.011103164937442123
2024-06-28,-0.009486019528792355,-0.01045593633351194,-0.005470631938042425
2024-07-01,-0.012349123856868038,-0.014847120736248054,-0.011332160789270906
2024-07-02,-0.01728157352295112,-0.020225960439850033,-0.014017832364851102
2024-07-03,-0.019337165515224686,-0.022631936973537825,-0.014515870399107067
2024-07-04,-0.00817664790333783,-0.009502996604519476,-0.001863328530740005
2024-07-05,-0.012393431809523348,-0.015494150565817155,-0.00510078545901016
2024-07-08,-0.013573432509438987,-0.01796032315152818,-0.007260502495287868
2024-07-09,-0.0007928104257658442,-0.0013355869188006464,0.0
2024-07-10,0.0,-0.0021841874738451894,0.0
2024-07-11,0.0,0.0,0.0
2024-07-12,0.0,0.0,0.0
2024-07-15,0.0,0.0,0.0
2024-07-16,0.0,0.0,-7.370515092552932e-05
2024-07-17,0.0,0.0,0.0
2024-07-18,-0.001071885636870662,-0.002688539833045178,-0.0021492092279331576
2024-07-19,-0.008834548103699547,-0.011652282071916709,-0.006714235005084723
2024-07-22,-0.013890201429469173,-0.015480842994228694,-0.009675935511821332
2024-07-23,-0.007304279074346831,-0.005910158180746583,-0.006054204801283936
2024-07-24,-0.005776156240413499,-0.004242103175830736,-0.005681663094263656
2024-07-25,-0.01715048471159597,-0.010246446281745314,-0.021008819456370564
2024-07-26,-0.011807827519672798,-0.005284224165002627,-0.013365850240414145
2024-07-29,-0.003751004613995357,0.0,-0.003543653030417926
2024-07-30,-0.0036466278365338,0.0,-0.0015779831488358376
2024-07-31,0.0,0.0,0.0
2024-08-01,-0.002378701742450473,-0.006357277350659052,-0.0001647104916767672
2024-08-02,-0.028956907980592472,-0.034779669894865584,-0.024236989897809313
2024-08-05,-0.07669731804711777,-0.08337843756111529,-0.07592355156117514
2024-08-06,-0.06883875022722696,-0.07255333914626116,-0.06297548364806471
2024-08-07,-0.07047952631298571,-0.07660307638983,-0.061418258466187536
2024-08-08,-0.061438317083976624,-0.06543015297968757,-0.054614518240931886
2024-08-09,-0.053774397324326206,-0.05933503984218935,-0.04775761127446221
2024-08-12,-0.04505638518653032,-0.05176623301711025,-0.03839750056475277
2024-08-13,-0.03600821472610949,-0.04080016463453251,-0.030100817056246787
2024-08-14,-0.03165550358187175,-0.0347668162355832,-0.020975267315012203
2024-08-15,-0.021232667485267864,-0.026093029330938933,-0.01081825229518052
2024-08-16,-0.007295924852415481,-0.009130261720161847,0.0
2024-08-19,0.0,0.0,0.0
2024-08-20,0.0,0.0,0.0
2024-08-21,-0.0020803144101657622,-0.0038103482014583134,-0.0031740710044058096
2024-08-22,-0.002971345265526004,-0.004158807446940527,-0.003535875477137629
2024-08-23,-0.0052125154831492715,-0.0047965195441452835,-0.0019899570121326704
2024-08-26,0.0,0.0,0.0
2024-08-27,-0.006587222345123989,-0.00802474395747732,-0.006708461748700545
2024-08-28,0.0,0.0,0.0
2024-08-29,0.0,0.0,0.0
2024-08-30,0.0,0.0,0.0
2024-09-02,0.0,0.0,0.0
2024-09-03,0.0,0.0,0.0
2024-09-04,-0.019672397644398987,-0.022327673477390397,-0.01812379034050915
2024-09-05,-0.004371456215536917,-0.008957849225334047,-0.004882066032065757
2024-09-06,0.0,0.0,0.0
2024-09-09,-0.005759033615053699,-0.004991082647684664,-0.005612762101755764
2024-09-10,0.0,0.0,0.0
2024-09-11,-0.01612490244698006,-0.016609763885411244,-0.01673471160607487
2024-09-12,-0.0032922538690227654,-0.0037192959525170766,-0.003633463374713153
2024-09-13,-0.009469575362553107,-0.01194103505700983,-0.0077425742525424335
2024-09-16,0.0,0.0,0.0
2024-09-17,0.0,0.0,0.0
2024-09-18,0.0,0.0,0.0
2024-09-19,0.0,0.0,0.0
2024-09-20,0.0,0.0,0.0
2024-09-23,-0.0038176044666019537,-0.005910255374643625,-0.006622749638436343
2024-09-24,-0.022418674163248276,-0.031759877593659835,-0.019079930357513875
2024-09-25,-0.04005390787481866,-0.04979438175831319,-0.03857076852514274
2024-09-26,-0.03814855047794252,-0.051719831963921936,-0.03386147121706384
2024-09-27,-0.04593026966115843,-0.06063620463813246,-0.03474539621199402
2024-09-30,-0.04320758889399212,-0.05572006711911892,-0.03311417497047764
2024-10-01,-0.05581185742024419,-0.06831815576863032,-0.048232044817916986
2024-10-02,-0.057916820549596126,-0.06780261600757309,-0.0498077074540747
2024-10-03,-0.05951064992291977,-0.06975491509281073,-0.0490979723209074
2024-10-04,-0.0726256967521145,-0.08395988627861728,-0.06023106395730671
2024-10-07,-0.056997464456576385,-0.06802922892612051,-0.04513481542869291
2024-10-08,-0.05370337348770249,-0.06518546245412649,-0.04236666581145909
2024-10-09,-0.04994014573032046,-0.061069426687946904,-0.03886358686138214
2024-10-10,-0.048626695544437104,-0.0608379920247496,-0.03409860240140472
2024-10-11,-0.04907276180090492,-0.06250721294840278,-0.03513866077829664
2024-10-14,-0.040160957228407845,-0.054347624076986234,-0.02679169993883601
2024-10-15,-0.028284104011835343,-0.03960075376895589,-0.016046010551750478
2024-10-16,-0.02384471703983093,-0.034699759597509816,-0.013854643898887797
2024-10-17,-0.00838527930939259,-0.01715950637549646,-0.001192429935484296
2024-10-18,-0.009130011811189886,-0.01624171805584773,0.0
2024-10-21,-0.0029252894994412637,-0.009503182423440504,0.0
2024-10-22,-0.022383589989517727,-0.02918008263383476,-0.02252546437953107
2024-10-23,-0.020429974069777757,-0.02640237415518243,-0.020968636852134348
2024-10-24,-0.013091653443952023,-0.018618951568159736,-0.013014640707006753
2024-10-25,-0.011909267194597284,-0.016510312655811932,-0.01144856676652195
2024-10-28,-0.017037603108863708,-0.021808455764839696,-0.016760469306010384
2024-10-29,-0.012474434564306525,-0.015942323476258347,-0.011822082088125185
2024-10-30,-0.021308495945988937,-0.02474299098637911,-0.019679651263654674
2024-10-31,-0.01947236719399148,-0.022723469197017954,-0.01990858652007843
2024-11-01,-0.031026029788044807,-0.029300733896138742,-0.036136654216192055
2024-11-04,-0.023210211374869893,-0.017693077255016787,-0.03015332544323479
2024-11-05,-0.031711314343601193,-0.02442317266874039,-0.04038232550787957
2024-11-06,-0.016576021745508096,-0.012343700868671426,-0.02116266940180367
2024-11-07,-0.007724026075298873,-0.005129680795027847,-0.008348063689369356
2024-11-08,0.0,0.0,-0.0013215720951802457
2024-11-11,0.0,0.0,0.0
2024-11-12,0.0,0.0,0.0
2024-11-13,-0.009749651742978482,-0.006929431380409801,-0.009254141178497544
2024-11-14,0.0,0.0,0.0
2024-11-15,0.0,0.0,0.0
2024-11-18,-0.0015445505234161772,-0.004214503388106139,-0.004285589805575363
2024-11-19,0.0,0.0,0.0
2024-11-20,-0.0042557747106310995,-0.002674828222212544,-0.0014734291980624814
2024-11-21,-0.00043134004570455353,0.0,-0.0012230237178740833
2024-11-22,0.0,0.0,0.0
2024-11-25,-0.00688664287418872,-0.004238036404272227,-0.0014727192696900593
2024-11-26,-0.020745493872200704,-0.02564677806388449,-0.015536166467091994
2024-11-27,-0.015576058393182213,-0.01599367294014553,-0.008148929560115259
2024-11-28,-0.009512559500010398,-0.009105876793566114,-0.0029141901461438025
2024-11-29,-0.015248958961225245,-0.01281094412455197,-0.006781780252397063
2024-12-02,-0.014164004242221528,-0.012918635663591194,-0.0075878556663651064
2024-12-03,-0.006695545986742268,-0.00830730075510977,-0.001841048952266
2024-12-04,-0.017333275354903366,-0.01888110986186886,-0.00824750327459478
2024-12-05,-0.015191222604218235,-0.015585157408562145,-0.004035691301297106
2024-12-06,-0.02252815187455437,-0.022970455152756086,-0.012625457649846128
2024-12-09,-0.026069170676063957,-0.019737457896060295,-0.010035086467784615
2024-12-10,-0.044630931631429505,-0.03704843479335229,-0.02548011289641816
2024-12-11,-0.04972258944136321,-0.03994085903353384,-0.030542901695672087
2024-12-12,-0.04993328606064551,-0.040898941743432005,-0.030039719243893703
2024-12-13,-0.04749222910857165,-0.037667421182947636,-0.02664867426937867
2024-12-16,-0.045664847030885136,-0.034318081063909434,-0.026503820386378996
2024-12-17,-0.03513159423669332,-0.02247143518503114,-0.015065774755107286
2024-12-18,-0.037284787096163785,-0.025485384260251376,-0.018831150403134655
2024-12-19,-0.05799090642295235,-0.047840002800003,-0.03820709360603469
2024-12-20,-0.0800586911884762,-0.07202880727349492,-0.06468641540834807
2024-12-23,-0.05879392340336009,-0.049494926331516975,-0.04142749985116878
2024-12-24,-0.0557082396610874,-0.045660589840346044,-0.04036909767829544
2024-12-27,-0.05001580176114606,-0.03964051453590978,-0.03365952066716116
2024-12-30,-0.0541144254054885,-0.04454292640632962,-0.03864177135172331
2024-12-31,-0.06265623013198163,-0.05348515818390209,-0.04859101852061054
2025-01-02,-0.06112129981737102,-0.0511814565569404,-0.048221813717725714
2025-01-03,-0.05302848369508728,-0.04303741325950472,-0.03966991084649851
2025-01-06,-0.049018286285647306,-0.038482426267872794,-0.034769763523487485
2025-01-07,-0.043742197576952746,-0.03363966468641355,-0.027253961727758402
2025-01-08,-0.028164491284699777,-0.017859885282847987,-0.011721477904097166
2025-01-09,-0.02865538366786391,-0.02215115272538981,-0.008161108695170727
2025-01-10,-0.040300506754682774,-0.03616383897621611,-0.021641008217996083
2025-01-13,-0.05955865584227116,-0.0559062115356076,-0.04275516241237254
2025-01-14,-0.06062812226264391,-0.058348217260710156,-0.04498471417523653
2025-01-15,-0.05981511607070722,-0.05810928008528293,-0.04775002785204563
2025-01-16,-0.03316818918154374,-0.03178320235992116,-0.019340812231844584
2025-01-17,-0.04542216028294355,-0.04539189037265634,-0.0276963840340676
2025-01-20,-0.037323688068841676,-0.03889932893288983,-0.01665417872215269
2025-01-21,-0.02390859629677977,-0.026408758003410582,-0.007215836761417016
2025-01-22,-0.016993265106966304,-0.018202837884898404,-8.782617673475102e-05
2025-01-23,-0.01751167372495288,-0.01866876119956684,0.0
2025-01-24,-0.014647936204440049,-0.014932131028254969,0.0
2025-01-28,-0.010149823351946363,-0.007716196538743891,-0.0019700714913220008
2025-01-29,-0.00902850134532851,-0.008143904490873322,0.0
2025-01-30,-0.0005589478340807252,0.0,0.0
2025-01-31,-0.00022305402560385268,0.0,-0.0008031171267487425
2025-02-03,-0.01711765098052065,-0.01711959246317485,-0.016183825397511287
2025-02-04,-0.018051092381669798,-0.019146416602214944,-0.01593276042523417
2025-02-05,-0.021471982779042387,-0.015443382185848842,-0.027473958846974678
2025-02-06,-0.00042767881545602293,0.0,-0.009209666919140491
2025-02-07,0.0,0.0,-0.01143511660052643
2025-02-10,-0.0031021588233903774,-0.0011214903602843052,-0.015017064541550496
2025-02-11,0.0,-0.0006429574465419696,-0.009399204604178202
2025-02-12,0.0,0.0,0.0
2025-02-13,0.0,0.0,0.0
2025-02-14,-0.0027672195984146386,-0.003851017580880023,-0.004111358549420685
2025-02-17,-0.013136643276387083,-0.01826213656139164,-0.006292918106692191
2025-02-18,-0.03194158586225515,-0.038618043864732776,-0.019938312998294183
2025-02-19,-0.05364585945456035,-0.0605022588190941,-0.026616865393429223
2025-02-20,-0.077126855283154,-0.08500305920780116,-0.04435378318301797
2025-02-21,-0.0885792347346962,-0.09772878897649595,-0.06200573413120003
2025-02-24,-0.06998313412384027,-0.07811812641895344,-0.0419184665872
2025-02-25,-0.07822441850187911,-0.08659972123406856,-0.05123053304252112
2025-02-26,-0.0698589627567775,-0.07776774706841227,-0.04177033123228835
2025-02-27,-0.06894269563345445,-0.07692525477378986,-0.04135704611427016
2025-02-28,-0.07207936626109723,-0.07608682398005784,-0.04710381264872432
2025-03-03,-0.07141371785487205,-0.07515492822053071,-0.04558543027129136
2025-03-04,-0.07477889275488792,-0.07539025873849814,-0.04897390059082807
2025-03-05,-0.0849172038159981,-0.08504787073763176,-0.058906635843890776
2025-03-06,-0.09025899406421645,-0.09363979405793721,-0.06787104781940279
2025-03-07,-0.11586109315977444,-0.11647388177343898,-0.10387931995795396
2025-03-10,-0.11861354488702636,-0.11964660411751094,-0.10633952817171
2025-03-11,-0.12185424732402161,-0.12034566414079473,-0.11857093504101945
2025-03-12,-0.13772086578475207,-0.13609839008679359,-0.1320898482226276
2025-03-13,-0.14455328847097149,-0.14286688661533753,-0.13945463512528555
2025-03-14,-0.14512483213622263,-0.1463303702046228,-0.14092271851062688
2025-03-17,-0.13646300229643038,-0.13750507248330757,-0.1289112244763514
2025-03-18,-0.14158732967906928,-0.14010417871247638,-0.1367451090912346
2025-03-19,-0.14576332958785676,-0.1443438505080139,-0.14387959095664082
2025-03-20,-0.1277788998608348,-0.1282891659496298,-0.1205724969535581
2025-03-21,-0.1275036647857306,-0.12748446737639418,-0.12335353741499178
2025-03-24,-0.11748075956028936,-0.11413280636109646,-0.11765847297321941
2025-03-25,-0.11918112785817148,-0.11566569071871557,-0.10972416155585896
2025-03-26,-0.10800584572956629,-0.10539841866078337,-0.10033493944669025
2025-03-27,-0.10820630919701935,-0.10387311254280618,-0.10425652447469891
2025-03-28,-0.1048981177754239,-0.10028547641970631,-0.10187357410433873
2025-03-31,-0.11620798491138906,-0.10491771612521106,-0.11541242594006274
2025-04-01,-0.10889669672202584,-0.09636640755990766,-0.10788810966386131
2025-04-02,-0.10303722093076628,-0.08842181224088996,-0.1029333447525862
2025-04-03,-0.11198967130871051,-0.09038167674215014,-0.1115417295464114
2025-04-04,-0.14390501303979442,-0.1102832071700035,-0.15455046092525015
2025-04-07,-0.18149175377153082,-0.15809781493787856,-0.18713269134923927
2025-04-08,-0.16542157279801772,-0.14195742553234014,-0.16399780960354193
2025-04-09,-0.1796526522582894,-0.14856480271406625,-0.1806750633580292
2025-04-10,-0.14295077159344316,-0.11208932880931721,-0.14417460169829244
2025-04-11,-0.15316456891228836,-0.12091503062623898,-0.14950151160149916
2025-04-14,-0.14348090132553992,-0.10833913104145532,-0.14154924709996053
2025-04-15,-0.137449366152968,-0.10262145098882236,-0.1357117325731403
2025-04-16,-0.13021284529924215,-0.09341801881096967,-0.1315432397921159
2025-04-17,-0.12832356655028554,-0.08992255943867211,-0.12689127691912316
2025-04-22,-0.12181851126711396,-0.0756641924866912,-0.11089019920268284
2025-04-23,-0.10507642721596866,-0.07139589016611814,-0.09781767168060207
2025-04-24,-0.09606857047034956,-0.06372606616355991,-0.08885422486394012
2025-04-28,-0.09048202157309448,-0.061302028140646114,-0.09026945242413809
2025-04-29,-0.08412233505526667,-0.05589228817966363,-0.08541516111265168
2025-04-30,-0.07712868988910959,-0.04443609689063943,-0.07759671180070882
2025-05-01,-0.07844205830796569,-0.04425166648111467,-0.07766452504218324
2025-05-02,-0.061062711960327976,-0.028451728842126434,-0.05895347159437314
2025-05-05,-0.07826245693339973,-0.04750113076734441,-0.0752958970545613
2025-05-06,-0.08485331914451721,-0.05632235342353986,-0.07515948101948466
2025-05-07,-0.08029113563493162,-0.05436701354876816,-0.07296015073100204
2025-05-08,-0.08662877270223435,-0.0589181268077712,-0.08080842951004541
2025-05-09,-0.07557427214511425,-0.04859093857506791,-0.06321099507102379
2025-05-12,-0.0707599663521431,-0.04785888113871928,-0.05443618720632459
2025-05-13,-0.06124881898679535,-0.044390079269917004,-0.040846780655475534
2025-05-14,-0.06226016176121574,-0.04211177868586902,-0.04474263850573079
2025-05-15,-0.050228542908863916,-0.03032716924125045,-0.032395702627065814
2025-05-16,-0.051110987100609795,-0.02830251226219571,-0.0385622787280917
2025-05-19,-0.05788976693857295,-0.029377738189523828,-0.043502632125953955
2025-05-20,-0.04785503583115536,-0.022042984194730275,-0.0316645988547094
2025-05-21,-0.039833305968625776,-0.012684979950265629,-0.02136495439191599
2025-05-22,-0.04952259752878985,-0.022166712364013796,-0.03585875033804464
2025-05-23,-0.044346643487680026,-0.016881885688276754,-0.031045703673937997
2025-05-26,-0.048215719954914804,-0.02022978037225731,-0.031047762021547354
2025-05-27,-0.03638769649272933,-0.00890027543279559,-0.019625905667752352
2025-05-28,-0.04326735980808427,-0.01776275474928435,-0.024618649117952307
2025-05-29,-0.0367088542573234,-0.012669664623061183,-0.015652469273811143
2025-05-30,-0.025967535158411992,0.0,-0.00844966242119094
2025-06-02,-0.03135676685915523,-0.004012711577113803,-0.012468956860883784
2025-06-03,-0.019648105522508064,0.0,-0.0012493463287097661
2025-06-04,-0.007175291784068616,0.0,0.0
2025-06-05,-0.0073140595439995515,0.0,-0.0007789765695155326
2025-06-06,-0.010236298253403886,-0.0038971245654759734,-0.005384051375856735
2025-06-10,0.0,0.0,0.0
2025-06-11,-0.0008287885131273987,-0.0007034045108511577,-0.0029099460791170983
2025-06-12,-0.008019145518939674,-0.006297158040959316,-0.012401747732474933
2025-06-13,-0.011675562842812126,-0.010059855414238261,-0.017054045458502864
2025-06-16,-0.012302994275008583,-0.010964559586853273,-0.017144314787091663
2025-06-17,-0.016122974621307073,-0.014293596744836878,-0.02032873803536306
2025-06-18,-0.01782099493730771,-0.013573807041455832,-0.018929569417093672
2025-06-19,-0.008478599424527333,-0.0006771585152616222,-0.010638470475630601
2025-06-20,-0.020915530506098845,-0.008455000855154826,-0.022660168723278362
2025-06-23,-0.01860174607087195,-0.0034427622540884606,-0.0179334056300392
2025-06-24,0.0,0.0,0.0
2025-06-25,0.0,0.0,0.0
2025-06-26,0.0,-0.00024782662621558593,-0.00047615320168725717
2025-06-27,-0.012359781080678145,-0.02079083299542339,-0.00759377761558111
2025-06-30,-0.005358600131492586,-0.020578626900520702,0.0
2025-07-01,-0.0029035326463288103,-0.021541542918845913,-0.005719845786582245
2025-07-02,-0.00200913052402496,-0.021755717789593954,0.0
2025-07-03,-0.010318097678307825,-0.034070695661000405,-0.011648478016468844
2025-07-04,-0.006925208048347065,-0.03434763147234854,-0.01094895122673345
2025-07-07,-0.010259275137538215,-0.03708626675200444,-0.013324360437524718
2025-07-08,-0.006594281965379145,-0.03242137086375163,-0.009195134279226358
2025-07-09,-0.011541374293447815,-0.032737475630932655,-0.019919495798444098
2025-07-10,-0.004440997620359766,-0.025219038122428095,-0.013920103246908178
2025-07-11,-0.009136473322865934,-0.028810320130863154,-0.021748909179091336
2025-07-14,-0.01233646382155884,-0.0326208938373127,-0.023985730662808513
2025-07-15,-0.005926979391687959,-0.027748022024499552,-0.014874608123172095
2025-07-16,-0.02060668511038022,-0.04383041253154707,-0.024553964777476067
2025-07-17,-0.008663543509087712,-0.030347308317630772,-0.01188577897718901
2025-07-18,0.0,-0.018060126458970704,-0.00041650095583700697
2025-07-21,-0.02489442755781457,-0.04498986393103788,-0.02208525303111808
2025-07-22,-0.03964725313607653,-0.06582988833148973,-0.035091833769692604
2025-07-23,-0.030694763381900247,-0.058336405261099955,-0.028081736816348957
2025-07-24,-0.03773055181825791,-0.05632100051397393,-0.047495177233220054
2025-07-25,-0.04177784899894954,-0.06092650862056781,-0.04968408328923146
2025-07-28,-0.03477352228695063,-0.05326463836665174,-0.04076504131509551
2025-07-29,-0.034017714269566346,-0.05256369968220054,-0.04364108014606527
2025-07-30,-0.02254709820247347,-0.03992075407157647,-0.03186246478588939
2025-07-31,-0.018389878860158193,-0.034796594034190886,-0.029142962215142343
2025-08-01,-0.028346738532609494,-0.04639649735675244,-0.04213645522113496
2025-08-04,-0.03481075182036275,-0.051286168836806256,-0.045897664209838984
2025-08-05,-0.02183230165304506,-0.037868627122665255,-0.03443529586631
2025-08-06,-0.016211088335734036,-0.030907182570254932,-0.027851455812523573
2025-08-07,-0.018667355746673553,-0.033270704187793654,-0.03254000884900643
2025-08-08,-0.024679386034533568,-0.04104846770358095,-0.03742582624782065
2025-08-11,-0.015423804953299092,-0.029207416275174314,-0.031519044227471094
2025-08-12,-0.006504158814550465,-0.02242376598913365,-0.026592094748627892
2025-08-13,-0.028038399081156684,-0.05476742155502523,-0.0515513924223201
2025-08-14,-0.007240953170333353,-0.03716973972711257,-0.04236830587240559
2025-08-15,0.0,-0.0262229146616747,-0.03507134436206594
2025-08-18,0.0,-0.015710084857098905,-0.03192729462799537
2025-08-19,0.0,-0.00965057032142691,-0.025991365578378667
2025-08-20,0.0,0.0,-0.01133183172015173
2025-08-21,0.0,0.0,0.0
2025-08-22,0.0,-0.000179538613235386,-0.0013556308175827203
2025-08-25,-0.011618233595774408,-0.015492980710941073,-0.007890364076598266
2025-08-26,-0.014225557338247818,-0.018251028541755532,-0.012525345583470626
2025-08-27,-0.009783559685161203,-0.013961723145744287,-0.008050372257074168
2025-08-28,0.0,0.0,0.0
2025-08-29,-0.005843719052868956,-0.010452061131135948,-0.006880599915371044
2025-09-01,-0.012421217537589402,-0.017770795995000754,-0.013936752883817904
2025-09-02,-0.008537049392015272,-0.010463789289136938,-0.011931309741478047
2025-09-03,-0.03655695904787115,-0.04139735938979838,-0.04122148899134992
2025-09-04,-0.01834275945590047,-0.022423601056663633,-0.02233624891243513
2025-09-05,-0.01407361730687573,-0.018202370142303193,-0.020075120293017945
2025-09-08,-0.01913138618807131,-0.021959101230176525,-0.022587205653353926
2025-09-09,-0.026001577676807996,-0.029964730765581038,-0.03261913136399841
2025-09-10,-0.012288358174897596,-0.015250724142482741,-0.020368283769395368
2025-09-11,-0.020644490678484173,-0.022748547947659903,-0.026256360176327043
2025-09-12,-0.007162330259163796,-0.009916699655239447,-0.011399381744797266
2025-09-15,-0.007267274413723879,-0.010057344459541318,-0.014217691875878624
2025-09-16,-0.004370704792720503,-0.008138498964612939,-0.011798298336192281
2025-09-17,-0.011176219729706505,-0.014455903243638324,-0.017121457768343062
2025-09-18,-0.01609477794738956,-0.023533669825817505,-0.026423271006139393
2025-09-19,-0.012220976226131497,-0.01767046356451729,-0.023183018355771967
2025-09-22,-0.014315291506141303,-0.019865867844497398,-0.02590438865754674
2025-09-23,-0.007358665211411486,-0.012090673471648938,-0.020411918229971904
2025-09-24,-0.028182511250268272,-0.033024767413037726,-0.037653340347290065
2025-09-25,-0.028491346692069874,-0.03218968070768147,-0.04292782034793052
2025-09-26,-0.02234333014686074,-0.025404780563925478,-0.03702387020049991
2025-09-29,-0.005271478362800397,-0.006727389306049103,-0.02001373473112522
2025-09-30,-0.00946385602884725,-0.011470445913406846,-0.025694258765618594
2025-10-01,-0.010328654587501762,-0.013054887900437961,-0.02492522272456532
2025-10-02,0.0,0.0,-0.012994612832134433
2025-10-03,0.0,0.0,-0.003506715416065731
2025-10-06,-0.0020112714236962814,-0.0009202433424766454,-0.007132360188898623
2025-10-07,-0.0023762595040764944,-0.0024731656362910748,-0.008289307907255794
2025-10-08,-0.0037401700978236807,-0.0035166678920038885,-0.010173767985998894
2025-10-09,-0.006908032522668028,-0.011328711226872179,-0.01310024611420535
2025-10-10,-0.005148104214864113,-0.007107622197880081,-0.013217765572813511
2025-10-13,-0.015832028809464105,-0.019415365951199415,-0.03344865766018568
2025-10-14,-0.019274937531338465,-0.026242824363010175,-0.03188322477851846
2025-10-15,-0.004985174569640649,-0.01069510612201241,-0.018428316081509744
2025-10-16,0.0,-0.0041589260701568875,0.0
2025-10-17,-0.006006578613139357,-0.008359394090864392,-0.004644848430765625
2025-10-20,0.0,0.0,0.0
2025-10-21,0.0,0.0,0.0
2025-10-22,0.0,0.0,0.0
2025-10-23,-0.00933069074896642,-0.010418257934093345,-0.011929071438321337
2025-10-24,-0.014207116455587587,-0.0150647675164296,-0.017737136579665025
2025-10-27,-0.009033352266503702,-0.00856619842716222,-0.013576584956950022
2025-10-28,0.0,0.0,-0.004030210326570138
2025-10-29,-0.018424966902942708,-0.022721468709333337,-0.01940941241538774
2025-10-30,-0.019911480107001056,-0.021810105321955375,-0.023921352519443606
2025-10-31,-0.02039210690683868,-0.017583617575346766,-0.026331441166846492
2025-11-03,-0.006773782554057917,0.0,-0.013659968184024818
2025-11-04,-0.00861511063173015,-0.0008664148548777062,-0.019057403787683502
2025-11-05,-0.0044018848847674485,0.0,-0.01581515279599255
2025-11-06,-0.005486098222404312,0.0,-0.008306185057981308
2025-11-07,-0.022851381302662843,-0.011655169258716458,-0.03915463412413167
2025-11-10,-0.014596901674699514,-0.008006951554100139,-0.034371982603500495
2025-11-11,-0.021272794943070994,-0.028546222920645348,-0.05539781364977603
2025-11-12,-0.027294738247923833,-0.04076184938141181,-0.07018932450336135
2025-11-13,-0.03453386005870618,-0.0436287464111097,-0.069336664283415
2025-11-14,-0.05361759427251733,-0.0609517955566824,-0.08828256375551813
2025-11-17,-0.055168900506636476,-0.06306937006650493,-0.09418374381674799
2025-11-18,-0.07274394927227401,-0.08210119434012153,-0.1094260779178895
2025-11-19,-0.0853847206546201,-0.09358904959377112,-0.12216243314513953
2025-11-20,-0.07267292430154904,-0.08269863262383526,-0.10795561629136097
2025-11-21,-0.08032445135298272,-0.08937666943565703,-0.11139344452625988
2025-11-24,-0.07369887003663378,-0.0787891564178339,-0.10627279976784332
2025-11-25,-0.07752418713700315,-0.08339372573532688,-0.11338247677260627
2025-11-26,-0.07258550079756632,-0.08320564738242342,-0.1021139454695591
2025-11-27,-0.07208030033596757,-0.08098934323084794,-0.10206507053238412
2025-11-28,-0.07928195571165708,-0.08986259952541908,-0.10701065611747684
2025-12-01,-0.08620237984410373,-0.09641276316666259,-0.11250934891144504
2025-12-02,-0.08673293104685487,-0.09477133741931776,-0.11539490893479032
2025-12-03,-0.07980451015627732,-0.09064626881801208,-0.11011602011651123
2025-12-04,-0.07263353633897152,-0.08420056476647975,-0.10328663787941872
2025-12-05,-0.06876419433845748,-0.07758015562649623,-0.10221101861078363
2025-12-08,-0.06824993946175173,-0.07537024822731286,-0.0981759336415634
2025-12-09,-0.06968560244720268,-0.07701425202763101,-0.10368953201053077
2025-12-10,-0.07283391358716529,-0.08071071918399009,-0.10795900919171464
2025-12-11,-0.06643769240495034,-0.0772839698339608,-0.1040493362200341
2025-12-12,-0.04930249920313301,-0.060677184170102705,-0.08467106441801131
2025-12-15,-0.0485237760071584,-0.06111295132005212,-0.08757161255340251
2025-12-16,-0.05064788283730459,-0.06368981125413775,-0.08802173044744532
2025-12-17,-0.05446111236623319,-0.0681808040402313,-0.09315149309572013
2025-12-18,-0.05721276680407672,-0.06824147322436025,-0.09452532173642159
2025-12-19,-0.04698283430711736,-0.05619322575450891,-0.08165317325423438
2025-12-22,-0.043994038150862336,-0.05430765540401539,-0.07746786575262976
2025-12-23,-0.030271229620898454,-0.03937537596746432,-0.061125515353278925
2025-12-24,-0.03375261424267917,-0.04226678164097497,-0.06347512579122339
2025-12-29,-0.0375613119691065,-0.04693311686740054,-0.06769435060964468
2025-12-30,-0.03527085017760867,-0.04354899640164123,-0.06574829137297222
2025-12-31,-0.03945818756930053,-0.04852906297203985,-0.06968498449860472
2026-01-02,-0.035725619591422064,-0.0442239916409346,-0.06649407485282477
2026-01-05,-0.03417004194359696,-0.04363563647236013,-0.06743756445257654
2026-01-06,-0.049907075554626146,-0.06641920179784266,-0.07728355792270081
2026-01-07,-0.06243040608018602,-0.08209673605403589,-0.0850936066240654
2026-01-08,-0.05494809465788342,-0.07583440778787887,-0.0797877024512803
2026-01-09,-0.059593153539137855,-0.0781677186707338,-0.08559129141111466
2026-01-12,-0.05315193282709452,-0.07123046115915765,-0.08301008251152886
2026-01-13,-0.043454310229135595,-0.061783541607405845,-0.07848921177579238
2026-01-14,-0.048118143935883095,-0.07007059940812,-0.08091978510520681
2026-01-15,-0.040018614589502954,-0.06312902994208514,-0.07756248008640365
2026-01-16,-0.028022849712073028,-0.05383942885730597,-0.06391545075481353
2026-01-19,-0.034215095907993875,-0.06038615182389662,-0.06917035120773973
2026-01-20,-0.046990320244982065,-0.07290438662047738,-0.08471133663507024
2026-01-21,-0.06159099388275291,-0.0890351947071073,-0.0977940590367008
2026-01-22,-0.04186211040009913,-0.06846661799102849,-0.07842799933548805
2026-01-23,-0.0459166856253963,-0.07321895921917965,-0.08289417470575033
2026-01-27,-0.035354471145999766,-0.06630257583302468,-0.07155820734405693
2026-01-28,-0.03858107636577124,-0.06701027291813677,-0.07563587037341568
2026-01-29,-0.04215427263522031,-0.07276830505835907,-0.08165282096385729
2026-01-30,-0.036877839109529575,-0.0669883181569374,-0.07845271709851098
2026-02-02,-0.035578332059548856,-0.06283196489190568,-0.07358791399547338
2026-02-03,-0.02642408772518101,-0.055035456223039514,-0.05991524591947095
2026-02-04,-0.015680135967381714,-0.03732832795016139,-0.053354255634220915
2026-02-05,-0.010832386781849057,-0.030273373839707962,-0.04891194446590574
2026-02-06,-0.024063874109546135,-0.039521509346582495,-0.06068568961627907
2026-02-09,-0.00911223446865661,-0.028189763161500903,-0.04619859215453159
2026-02-10,-0.01756368864867841,-0.03759823379955651,-0.05026076053172934
2026-02-11,0.0,0.0,-0.010613739143758072
2026-02-12,0.0,0.0,0.0
2026-02-13,-0.0065999029374582685,-0.010326189075001935,-0.008743899972963098
2026-02-16,-0.011192932263873301,-0.009714549700243436,-0.005883298532423309
2026-02-17,-0.011822778073750873,-0.010691971955169577,-0.004486244345089707
2026-02-18,-0.0018660716700799052,0.0,0.0
2026-02-19,0.0,0.0,0.0
2026-02-20,0.0,0.0,-2.579141483505243e-05
2026-02-23,-0.014847457923740204,-0.010520226157529677,-0.015792362969548557
2026-02-24,-0.01838074202333395,-0.006539264105378639,-0.029510624252950812
2026-02-25,-0.012295388236625127,-0.0006290511667570442,-0.026819932899049492
2026-02-26,-0.011342313111808222,-0.004361756192391764,-0.024907974055246362
2026-02-27,-0.011206873027192255,-0.010693040253772601,-0.023598655255005152
2026-03-02,-0.03769832420143582,-0.027606418559090407,-0.05447887914007854
2026-03-03,-0.03999585408518269,-0.026883929443428323,-0.05963046889773105
2026-03-04,-0.06116921325279956,-0.043844516261557276,-0.07887341596553432
2026-03-05,-0.050295189669072426,-0.03694330514522637,-0.06319305009409115
2026-03-06,-0.053527992154916104,-0.04185230516174909,-0.06196934459860581
2026-03-09,-0.07289824674661005,-0.06011895691018465,-0.08184060008339233
2026-03-10,-0.058303423821401745,-0.045333266967295116,-0.068030886026754
2026-03-11,-0.048603118786214816,-0.03813917442629777,-0.05892491143637224
2026-03-12,-0.06569285714403095,-0.05061591278954147,-0.07503094562597212
2026-03-13,-0.05789963591399516,-0.03967762455345514,-0.06978391609885892
2026-03-16,-0.05654768722521886,-0.036092190635945265,-0.06799203552165545
2026-03-17,-0.04962445357416656,-0.029015292304662266,-0.06215097903909428
2026-03-18,-0.04968020063521328,-0.028200692004102246,-0.05789076610390265
2026-03-19,-0.05548107638373656,-0.03320045125312032,-0.06086465195672863
2026-03-20,-0.06674536051194246,-0.045335330845653776,-0.0686756600658901
2026-03-23,-0.075417463460006,-0.05501179603805584,-0.07428326500260218
2026-03-24,-0.08837245501850788,-0.07393315152975188,-0.08049092043836159
2026-03-25,-0.07293556267483148,-0.06502821273842285,-0.056900783086339835
2026-03-26,-0.07253499406561137,-0.06337018607247369,-0.05369741803300421
2026-03-27,-0.07804642724694921,-0.06437514351659746,-0.0607717257535092
2026-03-30,-0.09870815922685494,-0.09016525932434216,-0.07991346424937174
2026-03-31,-0.09467735697453261,-0.08856685413474841,-0.07671539368852698
2026-04-01,-0.07740730060382472,-0.07160436239013357,-0.05304511736851947
2026-04-02,-0.07921907904264125,-0.07141107816156311,-0.056033090889528236
2026-04-07,-0.056579511840164964,-0.04910505843186719,-0.031092058650860066
2026-04-08,-0.024453944058959842,-0.022909851797555225,0.0
2026-04-09,-0.012532740348755178,-0.008222075962103004,0.0
2026-04-10,-0.010227229522821513,-0.005875182529440748,0.0
2026-04-13,-0.014152464308543777,-0.009452635361709816,-0.0029858218974831985
2026-04-14,-0.014737246935578652,-0.016339872622255114,0.0
2026-04-15,-0.018165245590363144,-0.02287588929223905,0.0
2026-04-16,-0.03019035809921944,-0.043416017791001904,-0.005677613574757934
2026-04-17,-0.034428040439484775,-0.048529527899448865,-0.00563201272078484
2026-04-20,-0.03800017915021925,-0.049674425356888596,-0.0010558817858513647
2026-04-21,-0.038624679678881724,-0.049709816873670154,-0.0011578056096838152
2026-04-22,-0.06401591187184796,-0.07272671543416942,-0.031035807582352026
2026-04-23,-0.06994264882793366,-0.07911175490265698,-0.03851210917632597
2026-04-24,-0.06782698567102285,-0.07737294341462309,-0.03319693311776084
2026-04-27,-0.07061969055005046,-0.08066352414092826,-0.03771546827113359
2026-04-28,-0.07049468576795415,-0.0796429557994015,-0.035044495276612464
2026-04-29,-0.07552894686437994,-0.08916047461981214,-0.03867434533471714
2026-04-30,-0.067657928479119,-0.08191733648975907,-0.030112049816985675
2026-05-01,-0.07162405175228714,-0.08563702620758618,-0.029665034530762857
2026-05-04,-0.0719061042079896,-0.08857180642689011,-0.02977517200143298
2026-05-05,-0.07901731281714719,-0.09478371663419871,-0.03265746643256562
2026-05-06,-0.05352856728260369,-0.06743843822742568,-0.009043485644675164
2026-05-07,-0.0461996522656426,-0.059820082782462425,-0.0023779515551642927
2026-05-08,-0.06581660953357227,-0.08144380447841426,-0.018314505874115983
2026-05-11,-0.07033924164810657,-0.08832400666368867,-0.023269541498451285
2026-05-12,-0.08732200656503541,-0.10317334860345129,-0.040664619332863694
2026-05-13,-0.1152175568895265,-0.15110244132197992,-0.08053316774478902
2026-05-14,-0.10625838649963859,-0.1445526024742506,-0.06078660376787948
2026-05-15,-0.10101106167785667,-0.13618034148748148,-0.05461883276066093
2026-05-18,-0.1035666015850003,-0.13571595356940902,-0.05569537935377833
2026-05-19,-0.08850160356087511,-0.12156120738121257,-0.04064556771014305
2026-05-20,-0.10190838701841431,-0.13123607511167612,-0.05329627529306913
2026-05-21,-0.08620983286431294,-0.11703610552344135,-0.03978965295108794
2026-05-22,-0.08127393308917608,-0.11064454394734802,-0.03500217501814362
2026-05-25,-0.07985861592163124,-0.10917826825805599,-0.04033394341673546
2026-05-26,-0.0858748417480536,-0.11303000249067652,-0.04781739842639432
2026-05-27,-0.08616156022288202,-0.11437582656248002,-0.04351765617765457
2026-05-28,-0.09904967438604972,-0.12941774156896202,-0.054812692556558296
2026-05-29,-0.08999954541080424,-0.11896717207229035,-0.04121740945035346
2026-06-01,-0.09184082537050986,-0.12181809314885805,-0.04561095462840126
2026-06-02,-0.10260285997837715,-0.13021294385187,-0.05186462805270786
2026-06-03,-0.0938746933205562,-0.12202747942035186,-0.04309006277306526
2026-06-04,-0.10207764266310737,-0.1300874778023714,-0.05149406934303924
2026-06-05,-0.11131635079107727,-0.14179182908220567,-0.06023691271856335
2026-06-09,-0.11335187530303414,-0.14585668249480932,-0.05838937876475636
2026-06-10,-0.10714025610500544,-0.13938200764915443,-0.05733592156354084
2026-06-11,-0.1241789623947156,-0.15851474242777286,-0.07325742642873201
2026-06-12,-0.10749202535002211,-0.1429756841305666,-0.05335219333629704
2026-06-15,-0.09329612612607396,-0.12992406879297336,-0.038607429242379254
2026-06-16,-0.08600198128093284,-0.12392522624118951,-0.03362592975918477
2026-06-17,-0.0826016257335439,-0.12135198984865458,-0.024459435367446547
2026-06-18,-0.08684140072808055,-0.1284548794425583,-0.02730077760411609
2026-06-19,-0.0881830257219941,-0.12776861346942692,-0.03215080197613118
2026-06-22,-0.08608937646689352,-0.12400652387043043,-0.03172670407344358
2026-06-23,-0.07731388149724971,-0.11638832004456068,-0.024795038678854464
2026-06-24,-0.07321900536223847,-0.11128897714648911,-0.02224497839510886
2026-06-25,-0.08967108288469106,-0.12849077022231437,-0.03154359566814491
2026-06-26,-0.08924362813403275,-0.1288110222286024,-0.03337297229888192
2026-06-29,-0.08378584458063909,-0.12246351320908089,-0.02782748233566501
2026-06-30,-0.0819696679128682,-0.12027299754236886,-0.02458000852301534
2026-07-01,-0.10003898198692829,-0.13852489478580055,-0.0426520904999691
2026-07-02,-0.08481424181731201,-0.12464511743854789,-0.03411228330971694
2026-07-03,-0.07496794976934162,-0.11271542101036758,-0.02062314342742877
2026-07-06,-0.07910182535495669,-0.1164636000293553,-0.024669397786245217
2026-07-07,-0.0654871407735953,-0.10244264894055843,-0.012403265821307463
2026-07-08,-0.060135164554043885,-0.09591240675931889,-0.00925700572294974
2026-07-09,-0.062401664406735446,-0.09808706559791358,-0.009637708293319558
2026-07-10,-0.05500501112944778,-0.09169296549838946,-0.0025604095226877677
2026-07-13,-0.04797451123639218,-0.08390892929945204,0.0
2026-07-14,-0.05427147183155945,-0.08966154793016845,-0.004880149932748101
2026-07-15,-0.05290585335033038,-0.0903160403522898,0.0
2026-07-16,-0.04647521459211412,-0.08053755434695187,0.0
2026-07-17,-0.04743706690309202,-0.0835562408664361,-0.001142742353616888
2026-07-20,-0.049509933841279996,-0.08500821938308534,-0.005299834385630309
2026-07-21,-0.05785987719158192,-0.09249161206017975,-0.011732167731036025
2026-07-22,-0.05576171935773255,-0.08918582049423462,-0.008299322398301223
2026-07-23,-0.05059338068432451,-0.08292554464211033,-0.0072979647965187855
2026-07-24,-0.03967099262774476,-0.07180687850392853,0.0
2026-07-27,-0.027623308758587206,-0.0598937222139152,0.0
2026-07-28,-0.02095376717764097,-0.050009397763518426,0.0
