Price,Adj Close,Close,High,Low,Open,Volume
Ticker,^AXJT,^AXJT,^AXJT,^AXJT,^AXJT,^AXJT
Date,,,,,,
2025-04-01,104814.5,104814.5,104814.5,103733.5,103733.5,0
2025-04-02,104943.1015625,104943.1015625,105523.1015625,104819.0,104819.0,0
2025-04-03,103953.5,103953.5,104943.1015625,102740.796875,104943.1015625,0
2025-04-04,101415.703125,101415.703125,103953.5,101366.796875,103953.5,0
2025-04-07,97122.6015625,97122.6015625,101415.703125,94820.0,101415.703125,0
2025-04-08,99328.703125,99328.703125,99328.703125,97123.6015625,97123.6015625,0
2025-04-09,97542.796875,97542.796875,99328.703125,97199.203125,99328.703125,0
2025-04-10,101968.296875,101968.296875,103731.703125,97542.796875,97542.796875,0
2025-04-11,101133.796875,101133.796875,101968.296875,99520.8984375,101968.296875,0
2025-04-14,102484.703125,102484.703125,102690.1015625,101133.796875,101133.796875,0
2025-04-15,102663.203125,102663.203125,103152.5,102423.6015625,102489.6015625,0
2025-04-16,102625.8984375,102625.8984375,103056.1015625,102475.5,102663.203125,0
2025-04-17,103422.6015625,103422.6015625,103422.6015625,102606.296875,102625.8984375,0
2025-04-22,103390.3984375,103390.3984375,103466.1015625,102443.1015625,103422.6015625,0
2025-04-23,104763.5,104763.5,105309.3984375,103390.3984375,103390.3984375,0
2025-04-24,105394.6015625,105394.6015625,105600.6015625,104763.5,104763.5,0
2025-04-28,105775.8984375,105775.8984375,106500.3984375,105394.6015625,105394.6015625,0
2025-04-29,106748.5,106748.5,106829.203125,105775.8984375,105775.8984375,0
2025-04-30,107489.3984375,107489.3984375,107489.3984375,106734.6015625,106753.796875,0
2025-05-01,107745.8984375,107745.8984375,107837.3984375,107271.1015625,107489.3984375,0
2025-05-02,108968.796875,108968.796875,108989.0,107536.6015625,107745.8984375,0
2025-05-05,107907.1015625,107907.1015625,109000.796875,107906.3984375,108968.796875,0
2025-05-06,107823.203125,107823.203125,108054.1015625,107650.5,107907.1015625,0
2025-05-07,108180.8984375,108180.8984375,108354.1015625,107825.296875,107825.296875,0
2025-05-08,108472.1015625,108472.1015625,108731.1015625,107984.703125,108295.796875,0
2025-05-09,108995.796875,108995.796875,109150.796875,108361.0,108472.1015625,0
2025-05-12,109141.703125,109141.703125,109747.3984375,109110.8984375,109110.8984375,0
2025-05-13,109720.796875,109720.796875,110317.703125,109250.796875,109250.796875,0
2025-05-14,109861.6015625,109861.6015625,109861.6015625,109429.203125,109720.796875,0
2025-05-15,110098.8984375,110098.8984375,110173.8984375,109567.5,109861.6015625,0
2025-05-16,110711.8984375,110711.8984375,111435.5,110098.8984375,110098.8984375,0
2025-05-19,110128.703125,110128.703125,110787.703125,109981.296875,110773.3984375,0
2025-05-20,110769.0,110769.0,111049.5,110128.703125,110128.703125,0
2025-05-21,111350.8984375,111350.8984375,111830.296875,110774.203125,110774.203125,0
2025-05-22,110862.3984375,110862.3984375,111368.5,110368.3984375,111368.5,0
2025-05-23,111024.796875,111024.796875,111286.703125,110742.296875,110862.3984375,0
2025-05-26,111028.6015625,111028.6015625,111138.796875,110822.203125,111026.703125,0
2025-05-27,111646.6015625,111646.6015625,111646.6015625,110960.5,111028.6015625,0
2025-05-28,111505.6015625,111505.6015625,112250.0,111444.6015625,111646.6015625,0
2025-05-29,111677.296875,111677.296875,111909.1015625,111442.796875,111506.5,0
2025-05-30,112008.0,112008.0,112075.796875,111285.5,111677.296875,0
2025-06-02,111734.0,111734.0,112018.3984375,111562.0,112008.0,0
2025-06-03,112434.1015625,112434.1015625,112603.796875,111735.5,111735.5,0
2025-06-04,113432.203125,113432.203125,113494.703125,112434.1015625,112434.1015625,0
2025-06-05,113393.5,113393.5,113769.8984375,113234.296875,113432.203125,0
2025-06-06,113085.5,113085.5,113614.703125,113085.5,113393.5,0
2025-06-10,114034.5,114034.5,114098.296875,113085.5,113085.5,0
2025-06-11,114099.6015625,114099.6015625,114724.1015625,114034.5,114034.5,0
2025-06-12,113743.1015625,113743.1015625,114443.3984375,113743.1015625,114101.6015625,0
2025-06-13,113510.296875,113510.296875,113908.3984375,113216.8984375,113744.8984375,0
2025-06-16,113522.703125,113522.703125,113930.8984375,113392.296875,113510.296875,0
2025-06-17,113428.296875,113428.296875,113767.703125,113212.8984375,113522.703125,0
2025-06-18,113294.203125,113294.203125,113584.6015625,113145.296875,113428.296875,0
2025-06-19,113194.8984375,113194.8984375,113414.8984375,112942.6015625,113294.203125,0
2025-06-20,112953.1015625,112953.1015625,113232.3984375,112385.3984375,113194.8984375,0
2025-06-23,112548.8984375,112548.8984375,112955.296875,111835.1015625,112955.296875,0
2025-06-24,113620.0,113620.0,113865.203125,112548.8984375,112548.8984375,0
2025-06-25,113668.5,113668.5,113908.796875,113509.5,113620.0,0
2025-06-26,113556.3984375,113556.3984375,113684.0,113320.203125,113668.5,0
2025-06-27,113219.1015625,113219.1015625,114434.0,113219.1015625,113704.8984375,0
2025-06-30,113592.796875,113592.796875,114050.203125,113219.1015625,113219.1015625,0
2025-07-01,113577.3984375,113577.3984375,114041.203125,113577.3984375,113592.796875,0
2025-07-02,114332.796875,114332.796875,114535.8984375,113521.3984375,113579.703125,0
2025-07-03,114311.5,114311.5,114681.1015625,113612.1015625,114337.0,0
2025-07-04,114406.5,114406.5,114590.3984375,114227.0,114311.5,0
2025-07-07,114224.703125,114224.703125,114592.6015625,113995.703125,114406.5,0
2025-07-08,114243.203125,114243.203125,114500.5,113705.203125,114224.703125,0
2025-07-09,113550.203125,113550.203125,114243.203125,113455.0,114243.203125,0
2025-07-10,114222.8984375,114222.8984375,114510.8984375,113550.203125,113550.203125,0
2025-07-11,114102.796875,114102.796875,114629.703125,113943.796875,114222.8984375,0
2025-07-14,113973.3984375,113973.3984375,114282.5,113813.1015625,114102.796875,0
2025-07-15,114775.203125,114775.203125,114807.3984375,113978.0,113978.0,0
2025-07-16,113863.1015625,113863.1015625,114775.203125,113636.6015625,114775.203125,0
2025-07-17,114890.6015625,114890.6015625,114920.8984375,113863.1015625,113863.1015625,0
2025-07-18,116461.8984375,116461.8984375,116717.5,114890.6015625,114890.6015625,0
2025-07-21,115278.203125,115278.203125,116461.8984375,115014.796875,116461.8984375,0
2025-07-22,115397.8984375,115397.8984375,115895.8984375,115071.5,115278.203125,0
2025-07-23,116195.6015625,116195.6015625,116348.203125,115397.8984375,115397.8984375,0
2025-07-24,115826.6015625,115826.6015625,116498.703125,115681.796875,116195.6015625,0
2025-07-25,115260.703125,115260.703125,115826.6015625,115146.1015625,115826.6015625,0
2025-07-28,115671.0,115671.0,115767.203125,115260.703125,115260.703125,0
2025-07-29,115762.8984375,115762.8984375,115762.8984375,114950.703125,115671.0,0
2025-07-30,116451.1015625,116451.1015625,116672.1015625,115544.1015625,115762.8984375,0
2025-07-31,116271.296875,116271.296875,116451.1015625,115719.296875,116451.1015625,0
2025-08-01,115196.796875,115196.796875,116271.296875,115048.703125,116271.296875,0
2025-08-04,115219.1015625,115219.1015625,115258.0,114781.8984375,115196.796875,0
2025-08-05,116637.796875,116637.796875,116687.3984375,115219.1015625,115219.1015625,0
2025-08-06,117612.1015625,117612.1015625,117680.703125,116637.796875,116637.796875,0
2025-08-07,117448.6015625,117448.6015625,117629.0,117279.796875,117612.1015625,0
2025-08-08,117126.0,117126.0,117448.6015625,116902.796875,117448.6015625,0
2025-08-11,117627.203125,117627.203125,117726.6015625,117126.3984375,117126.3984375,0
2025-08-12,118106.296875,118106.296875,118170.8984375,117414.203125,117627.203125,0
2025-08-13,117394.703125,117394.703125,118237.6015625,117237.6015625,118108.703125,0
2025-08-14,118072.296875,118072.296875,118409.3984375,117452.0,117452.0,0
2025-08-15,118934.6015625,118934.6015625,118934.6015625,117936.703125,118072.296875,0
2025-08-18,119210.1015625,119210.1015625,119259.203125,118583.296875,118934.6015625,0
2025-08-19,118426.0,118426.0,119265.796875,118308.203125,119265.796875,0
2025-08-20,118908.3984375,118908.3984375,119341.796875,118107.8984375,118618.0,0
2025-08-21,120292.203125,120292.203125,120292.203125,118944.0,118944.0,0
2025-08-22,119618.6015625,119618.6015625,120393.1015625,119618.6015625,120307.6015625,0
2025-08-25,119697.296875,119697.296875,120792.8984375,119611.0,119630.796875,0
2025-08-26,119220.3984375,119220.3984375,119878.3984375,118980.5,119711.6015625,0
2025-08-27,119617.8984375,119617.8984375,119678.1015625,119280.5,119285.203125,0
2025-08-28,119959.296875,119959.296875,119959.6015625,119536.0,119700.0,0
2025-08-29,119879.796875,119879.796875,120118.796875,119544.296875,119971.796875,0
2025-09-01,119328.203125,119328.203125,119933.796875,119050.3984375,119933.796875,0
2025-09-02,119116.203125,119116.203125,119483.5,118991.203125,119479.5,0
2025-09-03,117023.6015625,117023.6015625,119188.6015625,116922.796875,119188.6015625,0
2025-09-04,118419.1015625,118419.1015625,118488.203125,117244.6015625,117244.6015625,0
2025-09-05,119041.3984375,119041.3984375,119168.6015625,118441.6015625,118441.6015625,0
2025-09-08,118761.1015625,118761.1015625,119051.6015625,118456.703125,119051.6015625,0
2025-09-09,118205.203125,118205.203125,118823.3984375,117935.3984375,118823.3984375,0
2025-09-10,118601.203125,118601.203125,118694.3984375,118063.3984375,118240.203125,0
2025-09-11,118270.203125,118270.203125,118611.296875,117969.3984375,118611.296875,0
2025-09-12,119085.296875,119085.296875,119391.0,118281.296875,118281.296875,0
2025-09-15,118943.203125,118943.203125,119102.8984375,118150.5,119102.8984375,0
2025-09-16,119286.8984375,119286.8984375,119424.6015625,118954.3984375,118954.3984375,0
2025-09-17,118495.203125,118495.203125,119292.0,118294.796875,119292.0,0
2025-09-18,117530.0,117530.0,118514.6015625,117426.296875,118514.6015625,0
2025-09-19,117911.1015625,117911.1015625,118548.796875,117530.0,117530.0,0
2025-09-22,118416.6015625,118416.6015625,118888.1015625,117914.6015625,117914.6015625,0
2025-09-23,118887.5,118887.5,119305.796875,118404.5,118416.6015625,0
2025-09-24,117801.296875,117801.296875,118896.296875,117530.703125,118896.296875,0
2025-09-25,117915.6015625,117915.6015625,118193.703125,117444.1015625,117801.296875,0
2025-09-26,118114.1015625,118114.1015625,118220.296875,117557.1015625,117915.6015625,0
2025-09-29,119131.203125,119131.203125,119249.203125,118122.203125,118122.203125,0
2025-09-30,118943.703125,118943.703125,119529.5,118857.5,119132.1015625,0
2025-10-01,118903.0,118903.0,119154.1015625,118410.0,118944.796875,0
2025-10-02,120252.203125,120252.203125,120520.203125,118904.203125,118904.203125,0
2025-10-03,120809.0,120809.0,120918.203125,120009.5,120252.203125,0
2025-10-06,120732.796875,120732.796875,121336.796875,120586.796875,120812.6015625,0
2025-10-07,120403.0,120403.0,120734.0,120138.8984375,120734.0,0
2025-10-08,120279.5,120279.5,120496.296875,119856.6015625,120403.0,0
2025-10-09,120577.5,120577.5,120947.703125,120279.5,120279.5,0
2025-10-10,120423.6015625,120423.6015625,120684.6015625,120152.703125,120577.5,0
2025-10-13,119408.203125,119408.203125,120423.6015625,119209.796875,120423.6015625,0
2025-10-14,119631.703125,119631.703125,119840.203125,118884.1015625,119408.203125,0
2025-10-15,120863.3984375,120863.3984375,120863.3984375,119633.3984375,119633.3984375,0
2025-10-16,121904.8984375,121904.8984375,122460.1015625,120863.3984375,120863.3984375,0
2025-10-17,120922.1015625,120922.1015625,121904.8984375,120852.3984375,121904.8984375,0
2025-10-20,121414.6015625,121414.6015625,121448.203125,120496.296875,120922.1015625,0
2025-10-21,122260.6015625,122260.6015625,122535.703125,121416.5,121416.5,0
2025-10-22,121390.8984375,121390.8984375,122260.6015625,120969.796875,122260.6015625,0
2025-10-23,121427.6015625,121427.6015625,121567.703125,120802.1015625,121390.8984375,0
2025-10-24,121242.1015625,121242.1015625,121717.8984375,121125.3984375,121427.6015625,0
2025-10-27,121735.3984375,121735.3984375,122108.296875,121242.1015625,121242.1015625,0
2025-10-28,121155.5,121155.5,121735.3984375,121078.1015625,121735.3984375,0
2025-10-29,120000.6015625,120000.6015625,121284.203125,119941.3984375,121161.296875,0
2025-10-30,119454.0,119454.0,120000.6015625,119326.8984375,120000.6015625,0
2025-10-31,119405.0,119405.0,120232.703125,119405.0,119454.0,0
2025-11-03,119579.296875,119579.296875,119579.296875,118699.5,119405.296875,0
2025-11-04,118489.1015625,118489.1015625,119579.296875,118330.5,119579.296875,0
2025-11-05,118331.1015625,118331.1015625,118641.8984375,117414.3984375,118489.1015625,0
2025-11-06,118818.0,118818.0,118818.0,118485.0,118801.796875,0
2025-11-07,118013.0,118013.0,118897.3984375,117834.796875,118801.796875,0
2025-11-10,118904.203125,118904.203125,118904.203125,118013.0,118013.0,0
2025-11-12,118534.703125,118534.703125,119128.5,118534.703125,118794.1015625,0
2025-11-13,118022.6015625,118022.6015625,118645.796875,117329.203125,118644.703125,0
2025-11-14,116420.3984375,116420.3984375,118022.6015625,116119.1015625,118022.6015625,0
2025-11-17,116489.8984375,116489.8984375,116489.8984375,115849.1015625,116464.6015625,0
2025-11-18,114233.796875,114233.796875,116489.8984375,113917.703125,116489.8984375,0
2025-11-19,113946.8984375,113946.8984375,114496.5,113946.8984375,114233.796875,0
2025-11-20,115361.1015625,115361.1015625,115527.8984375,113946.8984375,113946.8984375,0
2025-11-21,113530.703125,113530.703125,115367.8984375,113081.703125,115367.8984375,0
2025-11-24,114995.5,114995.5,115014.5,113530.703125,113530.703125,0
2025-11-25,115171.796875,115171.796875,115651.1015625,114762.6015625,115010.6015625,0
2025-11-26,116116.5,116116.5,116539.6015625,115179.0,115179.0,0
2025-11-27,116291.5,116291.5,116291.5,115887.1015625,116271.5,0
2025-11-28,116228.0,116228.0,116488.796875,115887.1015625,116271.5,0
2025-12-01,115575.6015625,115575.6015625,116378.203125,115548.3984375,116235.0,0
2025-12-02,115771.296875,115771.296875,116078.8984375,115575.6015625,115575.6015625,0
2025-12-03,115981.8984375,115981.8984375,116352.3984375,115727.6015625,115773.0,0
2025-12-04,116297.1015625,116297.1015625,116301.5,115598.5,115983.296875,0
2025-12-05,116514.8984375,116514.8984375,116514.8984375,115929.3984375,116297.1015625,0
2025-12-08,116378.0,116378.0,116514.8984375,115988.296875,116514.8984375,0
2025-12-09,115858.5,115858.5,116378.0,115784.0,116378.0,0
2025-12-10,115769.703125,115769.703125,116198.5,115537.3984375,115858.5,0
2025-12-11,115943.1015625,115943.1015625,116845.296875,115700.703125,115771.8984375,0
2025-12-12,117367.203125,117367.203125,117428.703125,115947.296875,115947.296875,0
2025-12-15,116527.3984375,116527.3984375,117367.203125,116361.203125,117367.203125,0
2025-12-16,116040.3984375,116040.3984375,117028.296875,115669.6015625,116527.3984375,0
2025-12-17,115854.703125,115854.703125,116040.3984375,115340.3984375,116040.3984375,0
2025-12-18,115895.703125,115895.703125,115895.703125,115419.8984375,115854.703125,0
2025-12-19,116342.703125,116342.703125,116696.203125,115895.703125,115895.703125,0
2025-12-22,117402.703125,117402.703125,117528.796875,116342.703125,116342.703125,0
2025-12-23,118695.6015625,118695.6015625,118828.296875,117402.703125,117402.703125,0
2025-12-24,118250.203125,118250.203125,118695.6015625,117977.1015625,118695.6015625,0
2025-12-29,117751.203125,117751.203125,118540.296875,117751.203125,118250.203125,0
2025-12-30,117774.6015625,117774.6015625,118244.703125,117633.6015625,117891.296875,0
2025-12-31,117737.203125,117737.203125,117978.5,117270.796875,117774.6015625,0
2026-01-02,117918.796875,117918.796875,118049.1015625,117499.203125,117737.203125,0
2026-01-05,117930.6015625,117930.6015625,118229.1015625,117805.8984375,117918.796875,0
2026-01-06,117310.796875,117310.796875,118507.296875,117213.703125,117930.6015625,0
2026-01-07,117484.0,117484.0,118007.796875,117310.796875,117310.796875,0
2026-01-08,117824.3984375,117824.3984375,118073.703125,117459.1015625,117484.0,0
2026-01-09,117785.0,117785.0,118391.0,117649.703125,117824.3984375,0
2026-01-12,118346.296875,118346.296875,118704.796875,117785.0,117785.0,0
2026-01-13,119010.296875,119010.296875,119647.796875,118346.296875,118346.296875,0
2026-01-14,119173.203125,119173.203125,119412.703125,118631.1015625,119010.296875,0
2026-01-15,119728.203125,119728.203125,119989.6015625,119173.203125,119173.203125,0
2026-01-16,120298.1015625,120298.1015625,120454.796875,119646.796875,119728.203125,0
2026-01-19,119901.6015625,119901.6015625,120298.1015625,119645.1015625,120298.1015625,0
2026-01-20,119109.203125,119109.203125,119901.6015625,119017.5,119901.6015625,0
2026-01-21,118663.5,118663.5,119109.203125,118433.6015625,119109.203125,0
2026-01-22,119553.0,119553.0,119766.8984375,118663.5,118663.5,0
2026-01-23,119706.796875,119706.796875,120046.1015625,119432.5,119553.0,0
2026-01-27,120808.296875,120808.296875,121180.296875,119706.796875,119706.796875,0
2026-01-28,120704.0,120704.0,121306.1015625,120353.296875,120808.296875,0
2026-01-29,120617.8984375,120617.8984375,120704.0,119690.6015625,120704.0,0
2026-01-30,119829.203125,119829.203125,121213.8984375,119690.6015625,120617.8984375,0
2026-02-02,118605.796875,118605.796875,119829.203125,118168.3984375,119829.203125,0
2026-02-03,119665.796875,119665.796875,120199.703125,118605.796875,118605.796875,0
2026-02-04,120622.0,120622.0,120833.1015625,119334.703125,119665.796875,0
2026-02-05,120100.3984375,120100.3984375,120622.0,119872.0,120622.0,0
2026-02-06,117663.203125,117663.203125,120100.3984375,117323.6015625,120100.3984375,0
2026-02-09,120404.8984375,120404.8984375,120591.3984375,119842.0,119842.0,0
2026-02-10,119805.0,119805.0,120591.3984375,119805.0,119842.0,0
2026-02-11,121798.8984375,121798.8984375,121798.8984375,119807.203125,119807.203125,0
2026-02-12,122208.203125,122208.203125,123038.0,121819.6015625,121819.6015625,0
2026-02-13,120506.3984375,120506.3984375,122208.203125,120422.3984375,122208.203125,0
2026-02-16,120769.703125,120769.703125,120985.1015625,120471.5,120506.3984375,0
2026-02-17,121090.0,121090.0,121593.3984375,120795.6015625,120795.6015625,0
2026-02-18,121916.8984375,121916.8984375,121945.3984375,121266.703125,121266.703125,0
2026-02-19,122988.703125,122988.703125,123424.0,121916.8984375,121916.8984375,0
2026-02-20,122953.296875,122953.296875,123017.796875,122486.3984375,123017.796875,0
2026-02-23,122248.8984375,122248.8984375,123424.5,122040.1015625,122998.703125,0
2026-02-24,122273.5,122273.5,122711.796875,121797.296875,122323.8984375,0
2026-02-25,123771.703125,123771.703125,123798.3984375,122335.5,122335.5,0
2026-02-26,124432.6015625,124432.6015625,124807.0,123795.1015625,123795.1015625,0
2026-02-27,124757.703125,124757.703125,124758.296875,124212.1015625,124441.8984375,0
2026-03-02,124879.5,124879.5,124879.5,123779.0,124848.5,0
2026-03-03,123232.5,123232.5,124910.296875,123033.0,124910.296875,0
2026-03-04,120908.6015625,120908.6015625,123298.796875,120604.203125,123298.796875,0
2026-03-05,121887.8984375,121887.8984375,122213.703125,121359.296875,121359.296875,0
2026-03-06,120676.8984375,120676.8984375,121894.6015625,120140.1015625,121894.6015625,0
2026-03-09,117248.0,117248.0,120683.296875,115314.1015625,120683.296875,0
2026-03-10,118616.796875,118616.796875,119407.796875,117341.6015625,117341.6015625,0
2026-03-11,119335.5,119335.5,119554.296875,118641.296875,118641.296875,0
2026-03-12,117794.796875,117794.796875,119356.796875,117350.6015625,119356.796875,0
2026-03-13,117640.0,117640.0,118288.3984375,117211.1015625,117803.1015625,0
2026-03-16,117189.5,117189.5,117655.703125,116915.6015625,117649.796875,0
2026-03-17,117616.296875,117616.296875,117866.6015625,117101.6015625,117194.3984375,0
2026-03-18,117977.296875,117977.296875,118167.1015625,117450.3984375,117617.5,0
2026-03-19,116038.3984375,116038.3984375,117988.8984375,115867.0,117988.8984375,0
2026-03-20,115091.6015625,115091.6015625,116038.3984375,115074.703125,116038.3984375,0
2026-03-23,114239.5,114239.5,115093.3984375,112826.5,115093.3984375,0
2026-03-24,114423.0,114423.0,116133.3984375,114239.5,114239.5,0
2026-03-25,116882.6015625,116882.6015625,116882.6015625,116549.296875,116549.296875,0
2026-03-26,116432.796875,116432.796875,116882.6015625,116127.703125,116549.296875,0
2026-03-27,116303.796875,116303.796875,116432.796875,115476.0,116432.796875,0
2026-03-30,115556.796875,115556.796875,116312.1015625,114441.703125,116312.1015625,0
2026-03-31,115843.203125,115843.203125,116761.0,114870.5,115559.1015625,0
2026-04-01,118443.203125,118443.203125,118443.203125,115848.1015625,115848.1015625,0
2026-04-02,117182.703125,117182.703125,119147.0,117009.8984375,118443.203125,0
2026-04-07,119221.6015625,119221.6015625,120249.203125,117182.703125,117182.703125,0
2026-04-08,122267.796875,122267.796875,122735.796875,119221.6015625,119221.6015625,0
2026-04-09,122560.1015625,122560.1015625,122560.1015625,121627.296875,122267.796875,0
2026-04-10,122388.1015625,122388.1015625,122560.1015625,121631.0,122560.1015625,0
2026-04-13,121916.0,121916.0,122388.1015625,121418.203125,122388.1015625,0
2026-04-14,122527.5,122527.5,123220.296875,121916.0,121916.0,0
2026-04-15,122635.0,122635.0,123136.296875,122527.5,122527.5,0
2026-04-16,122311.703125,122311.703125,123161.3984375,122069.5,122635.0,0
2026-04-17,122201.296875,122201.296875,122311.703125,121592.8984375,122311.703125,0
2026-04-20,122295.796875,122295.796875,122319.0,121545.5,122209.0,0
2026-04-21,122242.6015625,122242.6015625,122606.8984375,121725.6015625,122295.796875,0
2026-04-22,120797.0,120797.0,122242.6015625,120730.203125,122242.6015625,0
2026-04-23,120112.0,120112.0,120797.0,119489.296875,120797.0,0
2026-04-24,120017.8984375,120017.8984375,120182.796875,119340.296875,120112.0,0
2026-04-27,119742.3984375,119742.3984375,120017.8984375,119240.6015625,120017.8984375,0
2026-04-28,118981.8984375,118981.8984375,119742.3984375,118746.203125,119742.3984375,0
2026-04-29,118658.296875,118658.296875,118981.8984375,118277.6015625,118981.8984375,0
2026-04-30,118369.203125,118369.203125,118658.296875,117910.6015625,118658.296875,0
2026-05-01,119243.6015625,119243.6015625,119712.1015625,118369.203125,118369.203125,0
2026-05-04,118802.5,118802.5,119362.796875,118506.0,119249.6015625,0
2026-05-05,118575.0,118575.0,118802.5,117771.6015625,118802.5,0
2026-05-06,120121.1015625,120121.1015625,120135.3984375,118575.0,118575.0,0
2026-05-07,121392.5,121392.5,121525.296875,120238.203125,120238.203125,0
2026-05-08,119681.703125,119681.703125,121510.8984375,119316.5,121510.8984375,0
2026-05-11,119211.3984375,119211.3984375,119794.3984375,118413.796875,119794.3984375,0
2026-05-12,118785.6015625,118785.6015625,119371.3984375,118079.3984375,119211.3984375,0
2026-05-13,118235.796875,118235.796875,118787.703125,117691.3984375,118787.703125,0
2026-05-14,118377.203125,118377.203125,118429.296875,117859.5,118235.796875,0
2026-05-15,118242.0,118242.0,119079.0,117959.8984375,118377.203125,0
2026-05-18,116589.6015625,116589.6015625,118309.296875,116520.1015625,118309.296875,0
2026-05-19,117953.703125,117953.703125,117995.0,116591.296875,116591.296875,0
2026-05-20,116471.5,116471.5,117953.703125,116315.0,117953.703125,0
2026-05-21,118193.3984375,118193.3984375,118576.3984375,116477.5,116477.5,0
2026-05-22,118677.1015625,118677.1015625,118916.3984375,118193.3984375,118193.3984375,0
2026-05-25,119172.3984375,119172.3984375,119460.1015625,118523.703125,118692.3984375,0
2026-05-26,118706.5,118706.5,119175.296875,118309.203125,119175.296875,0
2026-05-27,119531.796875,119531.796875,119531.796875,118272.8984375,118711.796875,0
2026-05-28,117822.3984375,117822.3984375,119532.8984375,117396.5,119532.8984375,0
2026-05-29,119724.8984375,119724.8984375,119724.8984375,117822.3984375,117822.3984375,0
2026-06-01,119694.1015625,119694.1015625,119791.6015625,119254.1015625,119724.8984375,0
2026-06-02,119625.1015625,119625.1015625,119694.1015625,118273.5,119694.1015625,0
2026-06-03,120466.296875,120466.296875,120805.296875,119625.1015625,119625.1015625,0
2026-06-04,119100.703125,119100.703125,120466.296875,118635.703125,120466.296875,0
2026-06-05,118264.203125,118264.203125,119360.703125,118106.203125,119100.703125,0
2026-06-09,117977.6015625,117977.6015625,118264.8984375,116424.703125,118264.8984375,0
2026-06-10,118651.1015625,118651.1015625,118883.6015625,117721.5,117977.6015625,0
2026-06-11,118376.703125,118376.703125,118883.203125,117308.0,118651.5,0
2026-06-12,120727.203125,120727.203125,120799.796875,118385.296875,118385.296875,0
2026-06-15,122235.1015625,122235.1015625,122557.3984375,120727.203125,120727.203125,0
2026-06-16,122285.203125,122285.203125,122285.203125,121137.8984375,122235.1015625,0
2026-06-17,122952.203125,122952.203125,123096.703125,121879.296875,122285.203125,0
2026-06-18,122195.296875,122195.296875,123192.203125,122195.296875,122952.203125,0
2026-06-19,121065.0,121065.0,122195.296875,120707.0,122195.296875,0
2026-06-22,120895.8984375,120895.8984375,121384.703125,120589.703125,121067.796875,0
2026-06-23,120496.1015625,120496.1015625,121359.203125,120370.796875,120895.8984375,0
2026-06-24,120789.796875,120789.796875,120992.8984375,120460.703125,120496.1015625,0
2026-06-25,119970.5,119970.5,120789.796875,119970.5,120789.796875,0
2026-06-26,120185.6015625,120185.6015625,120326.6015625,119417.0,119972.6015625,0
2026-06-29,121144.203125,121144.203125,121144.203125,121144.203125,121144.203125,0
2026-06-30,120530.6015625,120530.6015625,121322.3984375,120530.6015625,121144.203125,0
2026-07-01,119766.203125,119766.203125,120767.6015625,119608.6015625,120532.0,0
2026-07-02,119788.0,119788.0,119856.0,118851.0,119766.203125,0
2026-07-03,121434.5,121434.5,121563.6015625,119788.0,119788.0,0
2026-07-06,121249.8984375,121249.8984375,121604.8984375,121065.6015625,121434.5,0
2026-07-07,120878.5,120878.5,121419.796875,120644.3984375,121249.8984375,0
2026-07-08,120620.0,120620.0,120878.5,119131.1015625,120878.5,0
2026-07-09,120310.3984375,120310.3984375,120620.0,119459.1015625,120620.0,0
2026-07-10,120907.703125,120907.703125,121121.796875,120119.296875,120310.3984375,0
2026-07-13,120941.6015625,120941.6015625,121143.1015625,120409.6015625,120907.703125,0
2026-07-14,120946.0,120946.0,120946.296875,120261.5,120946.296875,0
2026-07-15,121393.296875,121393.296875,121826.296875,120946.0,120946.0,0
2026-07-16,121387.8984375,121387.8984375,121601.203125,120941.0,121393.296875,0
2026-07-17,120784.796875,120784.796875,121387.8984375,120253.5,121387.8984375,0
2026-07-20,120709.6015625,120709.6015625,121326.203125,120709.6015625,120784.796875,0
2026-07-21,120737.5,120737.5,120874.5,119909.1015625,120709.6015625,0
2026-07-22,121144.8984375,121144.8984375,121401.203125,120737.5,120737.5,0
2026-07-23,121364.8984375,121364.8984375,122549.0,121144.8984375,121144.8984375,0
2026-07-24,120449.203125,120449.203125,121364.8984375,120012.703125,121364.8984375,0
2026-07-27,122119.6015625,122119.6015625,122119.6015625,120449.203125,120449.203125,0
2026-07-28,122858.703125,122858.703125,122858.703125,121606.5,122119.6015625,0
2026-07-29,124105.8984375,124105.8984375,124757.6015625,122858.703125,122858.703125,0
2026-07-30,123132.203125,123132.203125,124105.8984375,122906.703125,124105.8984375,0
2026-07-31,123257.0,123257.0,124396.5,123132.203125,123132.203125,0
2026-08-03,123842.296875,123842.296875,123842.296875,122759.703125,123259.0,0
2026-08-04,125578.796875,125578.796875,125578.796875,123842.296875,123842.296875,0
2026-08-05,126705.8984375,126705.8984375,126735.3984375,125471.796875,125578.796875,0
2026-08-06,127307.0,127307.0,127651.703125,126705.8984375,126705.8984375,0
2026-08-07,127197.3984375,127197.3984375,127349.703125,126552.703125,127307.0,0
2026-08-10,126771.8984375,126771.8984375,127248.3984375,126385.5,127197.6015625,0
2026-08-11,127018.296875,127018.296875,127461.8984375,126771.8984375,126771.8984375,0
2026-08-12,126452.703125,126452.703125,127018.296875,126135.6015625,127018.296875,0
2026-08-13,126238.203125,126238.203125,126524.8984375,125589.8984375,126524.8984375,0
2026-08-14,125231.5,125231.5,126238.203125,124891.3984375,126238.203125,0
2026-08-17,124679.3984375,124679.3984375,125257.0,124569.0,125257.0,0
2026-08-18,124652.296875,124652.296875,125154.703125,124438.8984375,124695.3984375,0
2026-08-19,124636.203125,124636.203125,124859.6015625,124165.203125,124859.6015625,0
2026-08-20,125057.703125,125057.703125,125435.796875,124645.0,124645.0,0
2026-08-21,124727.3984375,124727.3984375,125069.796875,124536.3984375,125069.796875,0
2026-08-24,125403.5,125403.5,125792.296875,124795.1015625,124795.1015625,0
2026-08-25,126276.0,126276.0,126487.203125,125428.703125,125428.703125,0
2026-08-26,125833.1015625,125833.1015625,127112.203125,125833.1015625,126339.796875,0
2026-08-27,124615.6015625,124615.6015625,125851.0,124478.8984375,125851.0,0
2026-08-28,125368.703125,125368.703125,125368.703125,124622.8984375,124622.8984375,0
2026-08-31,125160.203125,125160.203125,125804.1015625,124881.796875,125385.3984375,0
2026-09-01,125177.5,125177.5,125305.203125,124586.3984375,125305.203125,0
2026-09-02,124040.3984375,124040.3984375,125259.296875,123441.8984375,125259.296875,0
2026-09-03,125046.6015625,125046.6015625,125155.796875,124359.5,124471.703125,0
2026-09-04,124876.796875,124876.796875,125768.6015625,124760.203125,125073.703125,0
2026-09-07,124957.703125,124957.703125,125423.1015625,124799.0,124888.296875,0
2026-09-08,123732.703125,123732.703125,124981.8984375,123644.6015625,124981.8984375,0
2026-09-09,123717.703125,123717.703125,124267.3984375,123404.6015625,123848.1015625,0
2026-09-10,122461.0,122461.0,123739.1015625,121394.703125,123739.1015625,0
2026-09-11,121388.203125,121388.203125,122473.3984375,120813.6015625,122473.3984375,0
