"Date","Price","Open","High","Low","Vol.","Change %"
"01/04/2025","104,814.55","104,814.55","104,814.55","104,814.55","","1.04%"
"31/03/2025","103,733.50","103,733.50","103,733.50","103,733.50","","-1.74%"
"28/03/2025","105,566.37","105,566.37","105,566.37","105,566.37","","0.17%"
"27/03/2025","105,388.46","105,388.46","105,388.46","105,388.46","","0.34%"
"25/03/2025","105,032.20","105,032.20","105,032.20","105,032.20","","0.16%"
"21/03/2025","104,868.67","104,868.67","104,868.67","104,868.67","","0.16%"
"20/03/2025","104,705.51","104,705.51","104,705.51","104,705.51","","0.76%"
"18/03/2025","103,913.42","103,913.42","103,913.42","103,913.42","","0.92%"
"14/03/2025","102,966.45","102,966.45","102,966.45","102,966.45","","0.53%"
"13/03/2025","102,421.44","102,421.44","102,421.44","102,421.44","","-2.63%"
"10/03/2025","105,192.02","105,192.02","105,192.02","105,192.02","","0.23%"
"07/03/2025","104,951.91","104,951.91","104,951.91","104,951.91","","-1.80%"
"06/03/2025","106,875.87","106,875.87","106,875.87","106,875.87","","-0.25%"
"05/03/2025","107,143.18","107,143.18","107,143.18","107,143.18","","-0.58%"
"04/03/2025","107,772.30","107,772.30","107,772.30","107,772.30","","-0.54%"
"03/03/2025","108,354.41","108,354.41","108,354.41","108,354.41","","0.91%"
"28/02/2025","107,375.83","107,375.83","107,375.83","107,375.83","","-1.15%"
"27/02/2025","108,628.86","108,628.86","108,628.86","108,628.86","","0.35%"
"26/02/2025","108,254.12","108,254.12","108,254.12","108,254.12","","-0.04%"
"25/02/2025","108,296.55","108,296.55","108,296.55","108,296.55","","-0.61%"
"24/02/2025","108,965.62","108,965.62","108,965.62","108,965.62","","0.18%"
"21/02/2025","108,774.52","108,774.52","108,774.52","108,774.52","","-0.30%"
"20/02/2025","109,105.21","109,105.21","109,105.21","109,105.21","","-1.14%"
"19/02/2025","110,360.20","110,360.20","110,360.20","110,360.20","","-0.58%"
"18/02/2025","111,003.62","111,003.62","111,003.62","111,003.62","","-0.64%"
"17/02/2025","111,714.20","111,714.20","111,714.20","111,714.20","","-0.20%"
"14/02/2025","111,935.86","111,935.86","111,935.86","111,935.86","","0.19%"
"13/02/2025","111,726.20","111,726.20","111,726.20","111,726.20","","0.07%"
"12/02/2025","111,645.14","111,645.14","111,645.14","111,645.14","","0.61%"
"11/02/2025","110,972.49","110,972.49","110,972.49","110,972.49","","0.01%"
"10/02/2025","110,956.51","110,956.51","110,956.51","110,956.51","","-0.34%"
"07/02/2025","111,331.27","111,331.27","111,331.27","111,331.27","","-0.11%"
"06/02/2025","111,452.62","111,452.62","111,452.62","111,452.62","","1.23%"
"05/02/2025","110,094.34","110,094.34","110,094.34","110,094.34","","0.51%"
"04/02/2025","109,533.35","109,533.35","109,533.35","109,533.35","","-0.06%"
"03/02/2025","109,603.75","109,603.75","109,603.75","109,603.75","","-1.79%"
"31/01/2025","111,604.26","111,604.26","111,604.26","111,604.26","","0.45%"
"30/01/2025","111,099.32","111,099.32","111,099.32","111,099.32","","0.55%"
"29/01/2025","110,488.67","110,488.67","110,488.67","110,488.67","","0.57%"
"28/01/2025","109,861.64","109,861.64","109,861.64","109,861.64","","-0.12%"
"24/01/2025","109,989.74","109,989.74","109,989.74","109,989.74","","0.36%"
"23/01/2025","109,595.32","109,595.32","109,595.32","109,595.32","","-0.61%"
"22/01/2025","110,263.38","110,263.38","110,263.38","110,263.38","","0.33%"
"21/01/2025","109,905.02","109,905.02","109,905.02","109,905.02","","0.66%"
"20/01/2025","109,185.60","109,185.60","109,185.60","109,185.60","","0.45%"
"17/01/2025","108,701.55","108,701.55","108,701.55","108,701.55","","-0.20%"
"16/01/2025","108,918.37","108,918.37","108,918.37","108,918.37","","1.38%"
"15/01/2025","107,431.31","107,431.31","107,431.31","107,431.31","","-0.22%"
"14/01/2025","107,663.23","107,663.23","107,663.23","107,663.23","","0.48%"
"13/01/2025","107,152.01","107,152.01","107,152.01","107,152.01","","-1.23%"
"10/01/2025","108,488.20","108,488.20","108,488.20","108,488.20","","-0.42%"
"09/01/2025","108,947.27","108,947.27","108,947.27","108,947.27","","-0.24%"
"08/01/2025","109,208.56","109,208.56","109,208.56","109,208.56","","0.77%"
"07/01/2025","108,370.77","108,370.77","108,370.77","108,370.77","","0.33%"
"06/01/2025","108,009.13","108,009.13","108,009.13","108,009.13","","0.08%"
"03/01/2025","107,918.18","107,918.18","107,918.18","107,918.18","","0.60%"
"02/01/2025","107,273.94","107,273.94","107,273.94","107,273.94","","0.52%"
"31/12/2024","106,723.29","106,723.29","106,723.29","106,723.29","","-0.92%"
"30/12/2024","107,715.70","107,715.70","107,715.70","107,715.70","","-0.20%"
"27/12/2024","107,936.20","107,936.20","107,936.20","107,936.20","","0.50%"
"24/12/2024","107,401.38","107,401.38","107,401.38","107,401.38","","0.24%"
"23/12/2024","107,146.67","107,146.67","107,146.67","107,146.67","","1.67%"
"20/12/2024","105,388.02","105,388.02","105,388.02","105,388.02","","-1.24%"
"19/12/2024","106,710.88","106,710.88","106,710.88","106,710.88","","-1.70%"
"18/12/2024","108,554.87","108,554.87","108,554.87","108,554.87","","-0.06%"
"17/12/2024","108,615.30","108,615.30","108,615.30","108,615.30","","0.78%"
"16/12/2024","107,770.99","107,770.99","107,770.99","107,770.99","","-0.56%"
"13/12/2024","108,378.13","108,378.13","108,378.13","108,378.13","","-0.41%"
"12/12/2024","108,822.13","108,822.13","108,822.13","108,822.13","","-0.28%"
"11/12/2024","109,127.05","109,127.05","109,127.05","109,127.05","","-0.47%"
"10/12/2024","109,641.39","109,641.39","109,641.39","109,641.39","","-0.35%"
"09/12/2024","110,030.47","110,030.47","110,030.47","110,030.47","","0.03%"
"06/12/2024","110,002.52","110,002.52","110,002.52","110,002.52","","-0.64%"
"05/12/2024","110,708.26","110,708.26","110,708.26","110,708.26","","0.15%"
"04/12/2024","110,545.88","110,545.88","110,545.88","110,545.88","","-0.38%"
"03/12/2024","110,971.90","110,971.90","110,971.90","110,971.90","","0.57%"
"02/12/2024","110,348.36","110,348.36","110,348.36","110,348.36","","0.14%"
"29/11/2024","110,196.57","110,196.57","110,196.57","110,196.57","","-0.09%"
"28/11/2024","110,290.82","110,290.82","110,290.82","110,290.82","","0.45%"
"27/11/2024","109,796.48","109,796.48","109,796.48","109,796.48","","0.57%"
"26/11/2024","109,173.45","109,173.45","109,173.45","109,173.45","","-0.69%"
"25/11/2024","109,931.05","109,931.05","109,931.05","109,931.05","","0.28%"
"22/11/2024","109,620.39","109,620.39","109,620.39","109,620.39","","0.86%"
"21/11/2024","108,688.66","108,688.66","108,688.66","108,688.66","","-0.04%"
"20/11/2024","108,732.09","108,732.09","108,732.09","108,732.09","","-0.57%"
"19/11/2024","109,350.73","109,350.73","109,350.73","109,350.73","","0.89%"
"18/11/2024","108,386.27","108,386.27","108,386.27","108,386.27","","0.18%"
"15/11/2024","108,190.16","108,190.16","108,190.16","108,190.16","","0.74%"
"14/11/2024","107,391.03","107,391.03","107,391.03","107,391.03","","0.37%"
"13/11/2024","106,991.49","106,991.49","106,991.49","106,991.49","","-0.65%"
"12/11/2024","107,694.46","107,694.46","107,694.46","107,694.46","","-0.02%"
"11/11/2024","107,717.52","107,717.52","107,717.52","107,717.52","","-0.31%"
"08/11/2024","108,051.83","108,051.83","108,051.83","108,051.83","","0.84%"
"07/11/2024","107,155.21","107,155.21","107,155.21","107,155.21","","0.43%"
"06/11/2024","106,691.95","106,691.95","106,691.95","106,691.95","","0.83%"
"05/11/2024","105,808.68","105,808.68","105,808.68","105,808.68","","-0.40%"
"04/11/2024","106,234.98","106,234.98","106,234.98","106,234.98","","0.57%"
"01/11/2024","105,637.98","105,637.98","105,637.98","105,637.98","","-0.50%"
"31/10/2024","106,174.02","106,174.02","106,174.02","106,174.02","","-0.25%"
"30/10/2024","106,438.56","106,438.56","106,438.56","106,438.56","","-0.84%"
"29/10/2024","107,334.84","107,334.84","107,334.84","107,334.84","","0.34%"
"28/10/2024","106,974.16","106,974.16","106,974.16","106,974.16","","0.13%"
"25/10/2024","106,840.52","106,840.52","106,840.52","106,840.52","","0.07%"
"24/10/2024","106,770.12","106,770.12","106,770.12","106,770.12","","-0.12%"
"23/10/2024","106,897.09","106,897.09","106,897.09","106,897.09","","0.13%"
"22/10/2024","106,762.57","106,762.57","106,762.57","106,762.57","","-1.66%"
"21/10/2024","108,567.41","108,567.41","108,567.41","108,567.41","","0.74%"
"18/10/2024","107,771.69","107,771.69","107,771.69","107,771.69","","-0.87%"
"17/10/2024","108,717.39","108,717.39","108,717.39","108,717.39","","0.86%"
"16/10/2024","107,791.39","107,791.39","107,791.39","107,791.39","","-0.40%"
"15/10/2024","108,228.82","108,228.82","108,228.82","108,228.82","","0.80%"
"14/10/2024","107,366.73","107,366.73","107,366.73","107,366.73","","0.47%"
"11/10/2024","106,868.45","106,868.45","106,868.45","106,868.45","","-0.10%"
"10/10/2024","106,978.62","106,978.62","106,978.62","106,978.62","","0.43%"
"09/10/2024","106,515.48","106,515.48","106,515.48","106,515.48","","0.13%"
"08/10/2024","106,379.79","106,379.79","106,379.79","106,379.79","","-0.35%"
"07/10/2024","106,748.07","106,748.07","106,748.07","106,748.07","","0.68%"
"04/10/2024","106,027.37","106,027.37","106,027.37","106,027.37","","-0.67%"
"03/10/2024","106,745.33","106,745.33","106,745.33","106,745.33","","0.09%"
"02/10/2024","106,648.11","106,648.11","106,648.11","106,648.11","","-0.13%"
"01/10/2024","106,787.77","106,787.77","106,787.77","106,787.77","","-0.74%"
"30/09/2024","107,579.05","107,579.05","107,579.05","107,579.05","","0.70%"
"27/09/2024","106,829.91","106,829.91","106,829.91","106,829.91","","0.11%"
"26/09/2024","106,711.28","106,711.28","106,711.28","106,711.28","","0.95%"
"25/09/2024","105,705.80","105,705.80","105,705.80","105,705.80","","-0.19%"
"24/09/2024","105,908.87","105,908.87","105,908.87","105,908.87","","-0.13%"
"23/09/2024","106,042.38","106,042.38","106,042.38","106,042.38","","-0.69%"
"20/09/2024","106,777.48","106,777.48","106,777.48","106,777.48","","0.22%"
"19/09/2024","106,548.08","106,548.08","106,548.08","106,548.08","","0.62%"
"18/09/2024","105,888.83","105,888.83","105,888.83","105,888.83","","0.02%"
"17/09/2024","105,870.51","105,870.51","105,870.51","105,870.51","","0.24%"
"16/09/2024","105,613.45","105,613.45","105,613.45","105,613.45","","0.28%"
"13/09/2024","105,322.25","105,322.25","105,322.25","105,322.25","","0.32%"
"12/09/2024","104,989.95","104,989.95","104,989.95","104,989.95","","1.35%"
"11/09/2024","103,596.09","103,596.09","103,596.09","103,596.09","","-0.27%"
"10/09/2024","103,881.08","103,881.08","103,881.08","103,881.08","","0.31%"
"09/09/2024","103,564.06","103,564.06","103,564.06","103,564.06","","-0.26%"
"06/09/2024","103,837.09","103,837.09","103,837.09","103,837.09","","0.39%"
"05/09/2024","103,431.01","103,431.01","103,431.01","103,431.01","","0.51%"
"04/09/2024","102,901.88","102,901.88","102,901.88","102,901.88","","-1.78%"
"03/09/2024","104,770.96","104,770.96","104,770.96","104,770.96","","0.04%"
"02/09/2024","104,727.42","104,727.42","104,727.42","104,727.42","","0.24%"
"30/08/2024","104,478.77","104,478.77","104,478.77","104,478.77","","0.59%"
"29/08/2024","103,865.93","103,865.93","103,865.93","103,865.93","","-0.30%"
"28/08/2024","104,174.74","104,174.74","104,174.74","104,174.74","","0.06%"
"27/08/2024","104,111.47","104,111.47","104,111.47","104,111.47","","-0.15%"
"26/08/2024","104,269.13","104,269.13","104,269.13","104,269.13","","0.79%"
"23/08/2024","103,447.97","103,447.97","103,447.97","103,447.97","","-0.02%"
"22/08/2024","103,472.16","103,472.16","103,472.16","103,472.16","","0.23%"
"21/08/2024","103,230.34","103,230.34","103,230.34","103,230.34","","0.35%"
"20/08/2024","102,873.39","102,873.39","102,873.39","102,873.39","","0.23%"
"19/08/2024","102,638.28","102,638.28","102,638.28","102,638.28","","0.12%"
"16/08/2024","102,514.98","102,514.98","102,514.98","102,514.98","","1.36%"
"15/08/2024","101,142.33","101,142.33","101,142.33","101,142.33","","0.25%"
"14/08/2024","100,889.56","100,889.56","100,889.56","100,889.56","","0.31%"
"13/08/2024","100,580.86","100,580.86","100,580.86","100,580.86","","0.17%"
"12/08/2024","100,411.62","100,411.62","100,411.62","100,411.62","","0.46%"
"09/08/2024","99,949.42","99,949.42","99,949.42","99,949.42","","1.25%"
"08/08/2024","98,718.88","98,718.88","98,718.88","98,718.88","","-0.23%"
"07/08/2024","98,948.27","98,948.27","98,948.27","98,948.27","","0.25%"
"06/08/2024","98,701.70","98,701.70","98,701.70","98,701.70","","0.41%"
"05/08/2024","98,302.22","98,302.22","98,302.22","98,302.22","","-3.70%"
"02/08/2024","102,076.20","102,076.20","102,076.20","102,076.20","","-2.11%"
"01/08/2024","104,279.21","104,279.21","104,279.21","104,279.21","","0.28%"
"31/07/2024","103,992.22","103,992.22","103,992.22","103,992.22","","1.75%"
"30/07/2024","102,203.98","102,203.98","102,203.98","102,203.98","","-0.46%"
"29/07/2024","102,672.55","102,672.55","102,672.55","102,672.55","","0.86%"
"26/07/2024","101,793.89","101,793.89","101,793.89","101,793.89","","0.76%"
"25/07/2024","101,022.10","101,022.10","101,022.10","101,022.10","","-1.29%"
"24/07/2024","102,339.45","102,339.45","102,339.45","102,339.45","","-0.09%"
"23/07/2024","102,434.70","102,434.70","102,434.70","102,434.70","","0.50%"
"22/07/2024","101,928.47","101,928.47","101,928.47","101,928.47","","-0.50%"
"19/07/2024","102,440.59","102,440.59","102,440.59","102,440.59","","-0.81%"
"18/07/2024","103,274.95","103,274.95","103,274.95","103,274.95","","-0.27%"
"17/07/2024","103,549.62","103,549.62","103,549.62","103,549.62","","0.73%"
"16/07/2024","102,796.92","102,796.92","102,796.92","102,796.92","","-0.22%"
"15/07/2024","103,028.13","103,028.13","103,028.13","103,028.13","","0.73%"
"12/07/2024","102,278.40","102,278.40","102,278.40","102,278.40","","0.88%"
"11/07/2024","101,383.53","101,383.53","101,383.53","101,383.53","","0.93%"
"10/07/2024","100,447.60","100,447.60","100,447.60","100,447.60","","-0.16%"
"09/07/2024","100,613.38","100,613.38","100,613.38","100,613.38","","0.86%"
"08/07/2024","99,758.28","99,758.28","99,758.28","99,758.28","","-0.75%"
"05/07/2024","100,516.92","100,516.92","100,516.92","100,516.92","","-0.12%"
"04/07/2024","100,639.00","100,639.00","100,639.00","100,639.00","","1.19%"
"03/07/2024","99,457.31","99,457.31","99,457.31","99,457.31","","0.28%"
"02/07/2024","99,177.02","99,177.02","99,177.02","99,177.02","","-0.42%"
"01/07/2024","99,595.60","99,595.60","99,595.60","99,595.60","","-0.21%"
"28/06/2024","99,807.75","99,807.75","99,807.75","99,807.75","","0.10%"
"27/06/2024","99,706.56","99,706.56","99,706.56","99,706.56","","-0.16%"
"26/06/2024","99,865.84","99,865.84","99,865.84","99,865.84","","-0.71%"
"25/06/2024","100,579.81","100,579.81","100,579.81","100,579.81","","1.36%"
"24/06/2024","99,231.26","99,231.26","99,231.26","99,231.26","","-0.80%"
"21/06/2024","100,030.47","100,030.47","100,030.47","100,030.47","","0.34%"
"20/06/2024","99,689.97","99,689.97","99,689.97","99,689.97","","0.00%"
"19/06/2024","99,693.63","99,693.63","99,693.63","99,693.63","","-0.11%"
"18/06/2024","99,800.91","99,800.91","99,800.91","99,800.91","","1.01%"
"17/06/2024","98,799.77","98,799.77","98,799.77","98,799.77","","-0.31%"
"14/06/2024","99,107.57","99,107.57","99,107.57","99,107.57","","-0.33%"
"13/06/2024","99,434.39","99,434.39","99,434.39","99,434.39","","0.45%"
"12/06/2024","98,989.93","98,989.93","98,989.93","98,989.93","","-0.51%"
"11/06/2024","99,497.30","99,497.30","99,497.30","99,497.30","","-1.33%"
"07/06/2024","100,839.88","100,839.88","100,839.88","100,839.88","","0.49%"
"06/06/2024","100,349.05","100,349.05","100,349.05","100,349.05","","0.68%"
"05/06/2024","99,672.12","99,672.12","99,672.12","99,672.12","","0.41%"
"04/06/2024","99,262.27","99,262.27","99,262.27","99,262.27","","-0.31%"
"03/06/2024","99,569.80","99,569.80","99,569.80","99,569.80","","0.77%"
"31/05/2024","98,806.37","98,806.37","98,806.37","98,806.37","","0.96%"
"30/05/2024","97,862.98","97,862.98","97,862.98","97,862.98","","-0.49%"
"29/05/2024","98,342.50","98,342.50","98,342.50","98,342.50","","-1.30%"
"28/05/2024","99,638.58","99,638.58","99,638.58","99,638.58","","-0.28%"
"27/05/2024","99,914.38","99,914.38","99,914.38","99,914.38","","0.79%"
"24/05/2024","99,135.51","99,135.51","99,135.51","99,135.51","","-1.08%"
"23/05/2024","100,215.82","100,215.82","100,215.82","100,215.82","","-0.45%"
"22/05/2024","100,668.02","100,668.02","100,668.02","100,668.02","","-0.05%"
"21/05/2024","100,713.43","100,713.43","100,713.43","100,713.43","","-0.15%"
"20/05/2024","100,862.17","100,862.17","100,862.17","100,862.17","","0.63%"
"17/05/2024","100,230.05","100,230.05","100,230.05","100,230.05","","-0.85%"
"16/05/2024","101,088.35","101,088.35","101,088.35","101,088.35","","1.65%"
"15/05/2024","99,451.86","99,451.86","99,451.86","99,451.86","","0.35%"
"14/05/2024","99,106.35","99,106.35","99,106.35","99,106.35","","-0.30%"
"13/05/2024","99,404.72","99,404.72","99,404.72","99,404.72","","0.18%"
"10/05/2024","99,224.69","99,224.69","99,224.69","99,224.69","","0.35%"
"09/05/2024","98,874.77","98,874.77","98,874.77","98,874.77","","-0.95%"
"08/05/2024","99,821.67","99,821.67","99,821.67","99,821.67","","0.15%"
"07/05/2024","99,677.03","99,677.03","99,677.03","99,677.03","","1.56%"
"06/05/2024","98,147.38","98,147.38","98,147.38","98,147.38","","0.70%"
"03/05/2024","97,465.09","97,465.09","97,465.09","97,465.09","","0.55%"
"02/05/2024","96,928.58","96,928.58","96,928.58","96,928.58","","0.23%"
"01/05/2024","96,706.30","96,706.30","96,706.30","96,706.30","","-1.23%"
"30/04/2024","97,908.79","97,908.79","97,908.79","97,908.79","","0.35%"
"29/04/2024","97,567.71","97,567.71","97,567.71","97,567.71","","0.81%"
"26/04/2024","96,782.49","96,782.49","96,782.49","96,782.49","","-1.39%"
"24/04/2024","98,150.61","98,150.61","98,150.61","98,150.61","","-0.01%"
"23/04/2024","98,157.09","98,157.09","98,157.09","98,157.09","","0.45%"
"22/04/2024","97,718.30","97,718.30","97,718.30","97,718.30","","1.08%"
"19/04/2024","96,672.27","96,672.27","96,672.27","96,672.27","","-0.98%"
"18/04/2024","97,628.18","97,628.18","97,628.18","97,628.18","","0.48%"
"17/04/2024","97,161.66","97,161.66","97,161.66","97,161.66","","-0.09%"
"16/04/2024","97,245.63","97,245.63","97,245.63","97,245.63","","-1.81%"
"15/04/2024","99,034.46","99,034.46","99,034.46","99,034.46","","-0.45%"
"12/04/2024","99,484.89","99,484.89","99,484.89","99,484.89","","-0.33%"
"11/04/2024","99,810.54","99,810.54","99,810.54","99,810.54","","-0.44%"
"10/04/2024","100,256.03","100,256.03","100,256.03","100,256.03","","0.31%"
"09/04/2024","99,946.82","99,946.82","99,946.82","99,946.82","","0.45%"
"08/04/2024","99,496.71","99,496.71","99,496.71","99,496.71","","0.20%"
"05/04/2024","99,294.80","99,294.80","99,294.80","99,294.80","","-0.56%"
"04/04/2024","99,857.72","99,857.72","99,857.72","99,857.72","","0.45%"
"03/04/2024","99,412.02","99,412.02","99,412.02","99,412.02","","-1.34%"
"02/04/2024","100,757.52","100,757.52","100,757.52","100,757.52","","-0.11%"
"28/03/2024","100,869.63","100,869.63","100,869.63","100,869.63","","0.99%"
"27/03/2024","99,882.88","99,882.88","99,882.88","99,882.88","","0.51%"
"26/03/2024","99,372.41","99,372.41","99,372.41","99,372.41","","-0.40%"
"25/03/2024","99,766.86","99,766.86","99,766.86","99,766.86","","0.53%"
"22/03/2024","99,237.02","99,237.02","99,237.02","99,237.02","","-0.15%"
"21/03/2024","99,382.80","99,382.80","99,382.80","99,382.80","","1.13%"
"20/03/2024","98,274.91","98,274.91","98,274.91","98,274.91","","-0.10%"
"19/03/2024","98,369.52","98,369.52","98,369.52","98,369.52","","0.36%"
"18/03/2024","98,015.70","98,015.70","98,015.70","98,015.70","","0.08%"
"15/03/2024","97,940.66","97,940.66","97,940.66","97,940.66","","-0.56%"
"14/03/2024","98,488.56","98,488.56","98,488.56","98,488.56","","-0.20%"
"13/03/2024","98,682.70","98,682.70","98,682.70","98,682.70","","0.24%"
"12/03/2024","98,447.53","98,447.53","98,447.53","98,447.53","","0.11%"
"11/03/2024","98,337.80","98,337.80","98,337.80","98,337.80","","-1.78%"
"08/03/2024","100,116.94","100,116.94","100,116.94","100,116.94","","1.08%"
"07/03/2024","99,049.06","99,049.06","99,049.06","99,049.06","","0.79%"
"06/03/2024","98,273.28","98,273.28","98,273.28","98,273.28","","0.17%"
"05/03/2024","98,104.77","98,104.77","98,104.77","98,104.77","","-0.09%"
"04/03/2024","98,190.93","98,190.93","98,190.93","98,190.93","","-0.11%"
"01/03/2024","98,302.40","98,302.40","98,302.40","98,302.40","","0.65%"
"29/02/2024","97,671.44","97,671.44","97,671.44","97,671.44","","0.53%"
"28/02/2024","97,153.08","97,153.08","97,153.08","97,153.08","","0.13%"
"27/02/2024","97,029.86","97,029.86","97,029.86","97,029.86","","0.14%"
"26/02/2024","96,891.60","96,891.60","96,891.60","96,891.60","","0.17%"
"23/02/2024","96,726.48","96,726.48","96,726.48","96,726.48","","0.43%"
"22/02/2024","96,308.62","96,308.62","96,308.62","96,308.62","","0.06%"
"21/02/2024","96,250.45","96,250.45","96,250.45","96,250.45","","-0.49%"
"20/02/2024","96,720.84","96,720.84","96,720.84","96,720.84","","-0.01%"
"19/02/2024","96,729.40","96,729.40","96,729.40","96,729.40","","0.09%"
"16/02/2024","96,643.80","96,643.80","96,643.80","96,643.80","","0.69%"
"15/02/2024","95,980.01","95,980.01","95,980.01","95,980.01","","0.79%"
"14/02/2024","95,230.09","95,230.09","95,230.09","95,230.09","","-0.73%"
"13/02/2024","95,934.73","95,934.73","95,934.73","95,934.73","","-0.15%"
"12/02/2024","96,077.80","96,077.80","96,077.80","96,077.80","","-0.39%"
"09/02/2024","96,455.27","96,455.27","96,455.27","96,455.27","","0.07%"
"08/02/2024","96,384.73","96,384.73","96,384.73","96,384.73","","0.31%"
"07/02/2024","96,089.38","96,089.38","96,089.38","96,089.38","","0.45%"
"06/02/2024","95,655.53","95,655.53","95,655.53","95,655.53","","-0.58%"
"05/02/2024","96,214.14","96,214.14","96,214.14","96,214.14","","-0.96%"
"02/02/2024","97,142.05","97,142.05","97,142.05","97,142.05","","1.47%"
"01/02/2024","95,736.77","95,736.77","95,736.77","95,736.77","","-1.20%"
"31/01/2024","96,904.13","96,904.13","96,904.13","96,904.13","","1.06%"
"30/01/2024","95,888.19","95,888.19","95,888.19","95,888.19","","0.29%"
"29/01/2024","95,613.79","95,613.79","95,613.79","95,613.79","","0.31%"
"25/01/2024","95,322.58","95,322.58","95,322.58","95,322.58","","0.48%"
"24/01/2024","94,866.20","94,866.20","94,866.20","94,866.20","","0.06%"
"23/01/2024","94,812.61","94,812.61","94,812.61","94,812.61","","0.51%"
"22/01/2024","94,328.45","94,328.45","94,328.45","94,328.45","","0.75%"
"19/01/2024","93,630.38","93,630.38","93,630.38","93,630.38","","1.02%"
"18/01/2024","92,687.16","92,687.16","92,687.16","92,687.16","","-0.63%"
"17/01/2024","93,275.17","93,275.17","93,275.17","93,275.17","","-0.29%"
"16/01/2024","93,549.08","93,549.08","93,549.08","93,549.08","","-1.09%"
"15/01/2024","94,576.97","94,576.97","94,576.97","94,576.97","","-0.03%"
"12/01/2024","94,602.44","94,602.44","94,602.44","94,602.44","","-0.10%"
"11/01/2024","94,700.11","94,700.11","94,700.11","94,700.11","","0.50%"
"10/01/2024","94,226.15","94,226.15","94,226.15","94,226.15","","-0.69%"
"09/01/2024","94,883.02","94,883.02","94,883.02","94,883.02","","0.93%"
"08/01/2024","94,010.26","94,010.26","94,010.26","94,010.26","","-0.50%"
"05/01/2024","94,483.67","94,483.67","94,483.67","94,483.67","","-0.07%"
"04/01/2024","94,547.08","94,547.08","94,547.08","94,547.08","","-0.39%"
"03/01/2024","94,914.23","94,914.23","94,914.23","94,914.23","","-1.37%"
"02/01/2024","96,233.73","96,233.73","96,233.73","96,233.73","","0.49%"
"29/12/2023","95,767.32","95,767.32","95,767.32","95,767.32","","-0.31%"
"28/12/2023","96,063.29","96,063.29","96,063.29","96,063.29","","0.83%"
"27/12/2023","95,268.81","95,268.81","95,268.81","95,268.81","","0.80%"
"22/12/2023","94,516.98","94,516.98","94,516.98","94,516.98","","-0.03%"
"21/12/2023","94,549.34","94,549.34","94,549.34","94,549.34","","-0.45%"
"20/12/2023","94,974.74","94,974.74","94,974.74","94,974.74","","0.65%"
"19/12/2023","94,359.72","94,359.72","94,359.72","94,359.72","","0.84%"
"18/12/2023","93,569.55","93,569.55","93,569.55","93,569.55","","-0.22%"
"15/12/2023","93,775.35","93,775.35","93,775.35","93,775.35","","0.88%"
"14/12/2023","92,958.45","92,958.45","92,958.45","92,958.45","","1.66%"
"13/12/2023","91,441.20","91,441.20","91,441.20","91,441.20","","0.31%"
"12/12/2023","91,157.70","91,157.70","91,157.70","91,157.70","","0.50%"
"11/12/2023","90,701.03","90,701.03","90,701.03","90,701.03","","0.06%"
"08/12/2023","90,649.09","90,649.09","90,649.09","90,649.09","","0.30%"
"07/12/2023","90,377.27","90,377.27","90,377.27","90,377.27","","-0.07%"
"06/12/2023","90,440.41","90,440.41","90,440.41","90,440.41","","1.65%"
"05/12/2023","88,968.84","88,968.84","88,968.84","88,968.84","","-0.88%"
"04/12/2023","89,762.47","89,762.47","89,762.47","89,762.47","","0.73%"
"01/12/2023","89,109.26","89,109.26","89,109.26","89,109.26","","-0.20%"
"30/11/2023","89,287.59","89,287.59","89,287.59","89,287.59","","0.75%"
"29/11/2023","88,621.86","88,621.86","88,621.86","88,621.86","","0.30%"
"28/11/2023","88,356.34","88,356.34","88,356.34","88,356.34","","0.39%"
"27/11/2023","88,009.02","88,009.02","88,009.02","88,009.02","","-0.75%"
"24/11/2023","88,677.98","88,677.98","88,677.98","88,677.98","","0.16%"
"23/11/2023","88,532.20","88,532.20","88,532.20","88,532.20","","-0.62%"
"22/11/2023","89,084.76","89,084.76","89,084.76","89,084.76","","-0.07%"
"21/11/2023","89,144.82","89,144.82","89,144.82","89,144.82","","0.29%"
"20/11/2023","88,889.25","88,889.25","88,889.25","88,889.25","","0.13%"
"17/11/2023","88,775.46","88,775.46","88,775.46","88,775.46","","-0.12%"
"16/11/2023","88,883.84","88,883.84","88,883.84","88,883.84","","-0.53%"
"15/11/2023","89,356.42","89,356.42","89,356.42","89,356.42","","1.42%"
"14/11/2023","88,109.12","88,109.12","88,109.12","88,109.12","","0.96%"
"13/11/2023","87,270.63","87,270.63","87,270.63","87,270.63","","-0.35%"
"10/11/2023","87,579.05","87,579.05","87,579.05","87,579.05","","-0.55%"
"09/11/2023","88,061.13","88,061.13","88,061.13","88,061.13","","0.40%"
"08/11/2023","87,710.49","87,710.49","87,710.49","87,710.49","","0.26%"
"07/11/2023","87,478.90","87,478.90","87,478.90","87,478.90","","-0.29%"
"06/11/2023","87,730.52","87,730.52","87,730.52","87,730.52","","0.28%"
"03/11/2023","87,488.18","87,488.18","87,488.18","87,488.18","","1.14%"
"02/11/2023","86,504.36","86,504.36","86,504.36","86,504.36","","0.90%"
"01/11/2023","85,734.24","85,734.24","85,734.24","85,734.24","","0.85%"
"31/10/2023","85,011.76","85,011.76","85,011.76","85,011.76","","0.12%"
"30/10/2023","84,913.03","84,913.03","84,913.03","84,913.03","","-0.79%"
"27/10/2023","85,589.19","85,589.19","85,589.19","85,589.19","","0.21%"
"26/10/2023","85,406.90","85,406.90","85,406.90","85,406.90","","-0.61%"
"25/10/2023","85,927.85","85,927.85","85,927.85","85,927.85","","-0.04%"
"24/10/2023","85,959.42","85,959.42","85,959.42","85,959.42","","0.19%"
"23/10/2023","85,799.19","85,799.19","85,799.19","85,799.19","","-0.81%"
"20/10/2023","86,502.73","86,502.73","86,502.73","86,502.73","","-1.16%"
"19/10/2023","87,516.60","87,516.60","87,516.60","87,516.60","","-1.36%"
"18/10/2023","88,720.04","88,720.04","88,720.04","88,720.04","","0.30%"
"17/10/2023","88,450.34","88,450.34","88,450.34","88,450.34","","0.42%"
"16/10/2023","88,080.00","88,080.00","88,080.00","88,080.00","","-0.35%"
"13/10/2023","88,386.84","88,386.84","88,386.84","88,386.84","","-0.56%"
"12/10/2023","88,884.36","88,884.36","88,884.36","88,884.36","","0.04%"
"11/10/2023","88,852.25","88,852.25","88,852.25","88,852.25","","0.68%"
"10/10/2023","88,253.38","88,253.38","88,253.38","88,253.38","","1.01%"
"09/10/2023","87,368.41","87,368.41","87,368.41","87,368.41","","0.23%"
"06/10/2023","87,168.00","87,168.00","87,168.00","87,168.00","","0.41%"
"05/10/2023","86,808.51","86,808.51","86,808.51","86,808.51","","0.51%"
"04/10/2023","86,365.78","86,365.78","86,365.78","86,365.78","","-0.77%"
"03/10/2023","87,032.21","87,032.21","87,032.21","87,032.21","","-1.28%"
"02/10/2023","88,156.27","88,156.27","88,156.27","88,156.27","","-0.22%"
"29/09/2023","88,349.68","88,349.68","88,349.68","88,349.68","","0.34%"
"28/09/2023","88,050.34","88,050.34","88,050.34","88,050.34","","-0.07%"
"27/09/2023","88,113.25","88,113.25","88,113.25","88,113.25","","-0.11%"
"26/09/2023","88,211.59","88,211.59","88,211.59","88,211.59","","-0.54%"
"25/09/2023","88,692.09","88,692.09","88,692.09","88,692.09","","0.12%"
"22/09/2023","88,585.68","88,585.68","88,585.68","88,585.68","","0.05%"
"21/09/2023","88,540.53","88,540.53","88,540.53","88,540.53","","-1.37%"
"20/09/2023","89,768.31","89,768.31","89,768.31","89,768.31","","-0.46%"
"19/09/2023","90,184.24","90,184.24","90,184.24","90,184.24","","-0.47%"
"18/09/2023","90,607.13","90,607.13","90,607.13","90,607.13","","-0.66%"
"15/09/2023","91,207.38","91,207.38","91,207.38","91,207.38","","1.29%"
"14/09/2023","90,043.39","90,043.39","90,043.39","90,043.39","","0.48%"
"13/09/2023","89,615.46","89,615.46","89,615.46","89,615.46","","-0.69%"
"12/09/2023","90,241.72","90,241.72","90,241.72","90,241.72","","0.21%"
"11/09/2023","90,050.68","90,050.68","90,050.68","90,050.68","","0.55%"
"08/09/2023","89,558.96","89,558.96","89,558.96","89,558.96","","-0.19%"
"07/09/2023","89,729.41","89,729.41","89,729.41","89,729.41","","-0.86%"
"06/09/2023","90,511.56","90,511.56","90,511.56","90,511.56","","-0.75%"
"05/09/2023","91,198.92","91,198.92","91,198.92","91,198.92","","-0.02%"
"04/09/2023","91,213.56","91,213.56","91,213.56","91,213.56","","0.65%"
"01/09/2023","90,622.10","90,622.10","90,622.10","90,622.10","","-0.34%"
"31/08/2023","90,928.22","90,928.22","90,928.22","90,928.22","","0.27%"
"30/08/2023","90,683.16","90,683.16","90,683.16","90,683.16","","1.32%"
"29/08/2023","89,504.16","89,504.16","89,504.16","89,504.16","","0.73%"
"28/08/2023","88,856.17","88,856.17","88,856.17","88,856.17","","0.66%"
"25/08/2023","88,271.48","88,271.48","88,271.48","88,271.48","","-0.93%"
"24/08/2023","89,099.59","89,099.59","89,099.59","89,099.59","","0.48%"
"23/08/2023","88,672.07","88,672.07","88,672.07","88,672.07","","0.39%"
"22/08/2023","88,325.64","88,325.64","88,325.64","88,325.64","","0.10%"
"21/08/2023","88,234.74","88,234.74","88,234.74","88,234.74","","-0.44%"
"18/08/2023","88,624.76","88,624.76","88,624.76","88,624.76","","0.05%"
"17/08/2023","88,582.13","88,582.13","88,582.13","88,582.13","","-0.65%"
"16/08/2023","89,164.80","89,164.80","89,164.80","89,164.80","","-1.31%"
"15/08/2023","90,352.04","90,352.04","90,352.04","90,352.04","","0.38%"
"14/08/2023","90,005.58","90,005.58","90,005.58","90,005.58","","-0.85%"
"11/08/2023","90,772.64","90,772.64","90,772.64","90,772.64","","-0.23%"
"10/08/2023","90,986.05","90,986.05","90,986.05","90,986.05","","0.31%"
"09/08/2023","90,705.27","90,705.27","90,705.27","90,705.27","","0.37%"
"08/08/2023","90,373.86","90,373.86","90,373.86","90,373.86","","0.03%"
"07/08/2023","90,349.83","90,349.83","90,349.83","90,349.83","","-0.22%"
"04/08/2023","90,549.34","90,549.34","90,549.34","90,549.34","","0.19%"
"03/08/2023","90,380.53","90,380.53","90,380.53","90,380.53","","-0.58%"
"02/08/2023","90,909.26","90,909.26","90,909.26","90,909.26","","-1.29%"
"01/08/2023","92,097.26","92,097.26","92,097.26","92,097.26","","0.54%"
"31/07/2023","91,599.30","91,599.30","91,599.30","91,599.30","","0.09%"
"28/07/2023","91,515.53","91,515.53","91,515.53","91,515.53","","-0.70%"
"27/07/2023","92,161.63","92,161.63","92,161.63","92,161.63","","0.73%"
"26/07/2023","91,495.25","91,495.25","91,495.25","91,495.25","","0.85%"
"25/07/2023","90,724.73","90,724.73","90,724.73","90,724.73","","0.46%"
"24/07/2023","90,313.61","90,313.61","90,313.61","90,313.61","","-0.10%"
"21/07/2023","90,406.02","90,406.02","90,406.02","90,406.02","","-0.15%"
"20/07/2023","90,543.99","90,543.99","90,543.99","90,543.99","","0.02%"
"19/07/2023","90,527.59","90,527.59","90,527.59","90,527.59","","0.55%"
"18/07/2023","90,033.80","90,033.80","90,033.80","90,033.80","","-0.20%"
"17/07/2023","90,211.50","90,211.50","90,211.50","90,211.50","","-0.06%"
"14/07/2023","90,267.96","90,267.96","90,267.96","90,267.96","","0.78%"
"13/07/2023","89,573.66","89,573.66","89,573.66","89,573.66","","1.56%"
"12/07/2023","88,198.79","88,198.79","88,198.79","88,198.79","","0.38%"
"11/07/2023","87,867.30","87,867.30","87,867.30","87,867.30","","1.50%"
"10/07/2023","86,571.68","86,571.68","86,571.68","86,571.68","","-0.54%"
"07/07/2023","87,043.63","87,043.63","87,043.63","87,043.63","","-1.69%"
"06/07/2023","88,541.34","88,541.34","88,541.34","88,541.34","","-1.24%"
"05/07/2023","89,650.40","89,650.40","89,650.40","89,650.40","","-0.35%"
"04/07/2023","89,967.86","89,967.86","89,967.86","89,967.86","","0.45%"
"03/07/2023","89,560.97","89,560.97","89,560.97","89,560.97","","0.59%"
"30/06/2023","89,031.72","89,031.72","89,031.72","89,031.72","","0.12%"
"29/06/2023","88,926.43","88,926.43","88,926.43","88,926.43","","0.13%"
"28/06/2023","88,811.52","88,811.52","88,811.52","88,811.52","","1.10%"
"27/06/2023","87,844.88","87,844.88","87,844.88","87,844.88","","0.56%"
"26/06/2023","87,356.70","87,356.70","87,356.70","87,356.70","","-0.29%"
"23/06/2023","87,608.94","87,608.94","87,608.94","87,608.94","","-1.34%"
"22/06/2023","88,796.83","88,796.83","88,796.83","88,796.83","","-1.63%"
"21/06/2023","90,270.50","90,270.50","90,270.50","90,270.50","","-0.58%"
"20/06/2023","90,800.26","90,800.26","90,800.26","90,800.26","","0.87%"
"19/06/2023","90,021.30","90,021.30","90,021.30","90,021.30","","0.60%"
"16/06/2023","89,482.68","89,482.68","89,482.68","89,482.68","","1.06%"
"15/06/2023","88,545.78","88,545.78","88,545.78","88,545.78","","0.20%"
"14/06/2023","88,370.11","88,370.11","88,370.11","88,370.11","","0.32%"
"13/06/2023","88,087.73","88,087.73","88,087.73","88,087.73","","0.23%"
"12/06/2023","87,884.23","87,884.23","87,884.23","87,884.23","","0.00%"
"09/06/2023","87,884.23","87,884.23","87,884.23","87,884.23","","0.33%"
"08/06/2023","87,598.31","87,598.31","87,598.31","87,598.31","","-0.26%"
"07/06/2023","87,824.48","87,824.48","87,824.48","87,824.48","","-0.16%"
"06/06/2023","87,968.20","87,968.20","87,968.20","87,968.20","","-1.20%"
"05/06/2023","89,037.10","89,037.10","89,037.10","89,037.10","","1.00%"
"02/06/2023","88,159.46","88,159.46","88,159.46","88,159.46","","0.48%"
"01/06/2023","87,735.86","87,735.86","87,735.86","87,735.86","","0.28%"
"31/05/2023","87,494.78","87,494.78","87,494.78","87,494.78","","-1.64%"
"30/05/2023","88,950.30","88,950.30","88,950.30","88,950.30","","-0.11%"
"29/05/2023","89,050.13","89,050.13","89,050.13","89,050.13","","0.88%"
"26/05/2023","88,277.58","88,277.58","88,277.58","88,277.58","","0.24%"
"25/05/2023","88,068.83","88,068.83","88,068.83","88,068.83","","-1.03%"
"24/05/2023","88,989.45","88,989.45","88,989.45","88,989.45","","-0.63%"
"23/05/2023","89,558.02","89,558.02","89,558.02","89,558.02","","-0.04%"
"22/05/2023","89,593.37","89,593.37","89,593.37","89,593.37","","-0.22%"
"19/05/2023","89,794.06","89,794.06","89,794.06","89,794.06","","0.59%"
"18/05/2023","89,266.87","89,266.87","89,266.87","89,266.87","","0.52%"
"17/05/2023","88,800.67","88,800.67","88,800.67","88,800.67","","-0.49%"
"16/05/2023","89,237.84","89,237.84","89,237.84","89,237.84","","-0.45%"
"15/05/2023","89,637.98","89,637.98","89,637.98","89,637.98","","0.33%"
"12/05/2023","89,339.52","89,339.52","89,339.52","89,339.52","","0.07%"
"11/05/2023","89,281.27","89,281.27","89,281.27","89,281.27","","0.06%"
"10/05/2023","89,225.95","89,225.95","89,225.95","89,225.95","","0.01%"
"09/05/2023","89,213.55","89,213.55","89,213.55","89,213.55","","-0.17%"
"08/05/2023","89,365.95","89,365.95","89,365.95","89,365.95","","0.78%"
"05/05/2023","88,672.27","88,672.27","88,672.27","88,672.27","","0.37%"
"04/05/2023","88,341.85","88,341.85","88,341.85","88,341.85","","-0.06%"
"03/05/2023","88,394.61","88,394.61","88,394.61","88,394.61","","-0.96%"
"02/05/2023","89,254.30","89,254.30","89,254.30","89,254.30","","-0.92%"
"01/05/2023","90,079.12","90,079.12","90,079.12","90,079.12","","0.35%"
"28/04/2023","89,767.06","89,767.06","89,767.06","89,767.06","","0.22%"
"27/04/2023","89,565.59","89,565.59","89,565.59","89,565.59","","-0.32%"
"26/04/2023","89,854.84","89,854.84","89,854.84","89,854.84","","-0.08%"
"24/04/2023","89,924.73","89,924.73","89,924.73","89,924.73","","-0.11%"
"21/04/2023","90,027.78","90,027.78","90,027.78","90,027.78","","-0.43%"
"20/04/2023","90,418.49","90,418.49","90,418.49","90,418.49","","-0.05%"
"19/04/2023","90,459.62","90,459.62","90,459.62","90,459.62","","0.08%"
"18/04/2023","90,390.05","90,390.05","90,390.05","90,390.05","","-0.29%"
"17/04/2023","90,652.09","90,652.09","90,652.09","90,652.09","","0.28%"
"14/04/2023","90,398.50","90,398.50","90,398.50","90,398.50","","0.51%"
"13/04/2023","89,938.46","89,938.46","89,938.46","89,938.46","","-0.27%"
"12/04/2023","90,181.13","90,181.13","90,181.13","90,181.13","","0.46%"
"11/04/2023","89,763.84","89,763.84","89,763.84","89,763.84","","1.26%"
"07/04/2023","88,645.97","88,645.97","88,645.97","88,645.97","","0.00%"
"06/04/2023","88,645.97","88,645.97","88,645.97","88,645.97","","-0.25%"
"05/04/2023","88,868.94","88,868.94","88,868.94","88,868.94","","0.02%"
"04/04/2023","88,853.37","88,853.37","88,853.37","88,853.37","","0.18%"
"03/04/2023","88,693.66","88,693.66","88,693.66","88,693.66","","0.63%"
"31/03/2023","88,137.90","88,137.90","88,137.90","88,137.90","","0.78%"
"30/03/2023","87,453.93","87,453.93","87,453.93","87,453.93","","1.03%"
"29/03/2023","86,562.63","86,562.63","86,562.63","86,562.63","","0.23%"
"28/03/2023","86,363.20","86,363.20","86,363.20","86,363.20","","1.05%"
"27/03/2023","85,467.90","85,467.90","85,467.90","85,467.90","","0.10%"
"24/03/2023","85,385.08","85,385.08","85,385.08","85,385.08","","-0.19%"
"23/03/2023","85,549.29","85,549.29","85,549.29","85,549.29","","-0.67%"
"22/03/2023","86,126.02","86,126.02","86,126.02","86,126.02","","0.87%"
"21/03/2023","85,383.45","85,383.45","85,383.45","85,383.45","","0.83%"
"20/03/2023","84,679.63","84,679.63","84,679.63","84,679.63","","-1.37%"
"17/03/2023","85,859.51","85,859.51","85,859.51","85,859.51","","0.43%"
"16/03/2023","85,495.95","85,495.95","85,495.95","85,495.95","","-1.45%"
"15/03/2023","86,757.46","86,757.46","86,757.46","86,757.46","","0.86%"
"14/03/2023","86,014.24","86,014.24","86,014.24","86,014.24","","-1.41%"
"13/03/2023","87,240.16","87,240.16","87,240.16","87,240.16","","-0.50%"
"10/03/2023","87,677.09","87,677.09","87,677.09","87,677.09","","-2.27%"
"09/03/2023","89,715.02","89,715.02","89,715.02","89,715.02","","0.50%"
"08/03/2023","89,268.57","89,268.57","89,268.57","89,268.57","","-0.56%"
"07/03/2023","89,774.63","89,774.63","89,774.63","89,774.63","","0.52%"
"06/03/2023","89,313.62","89,313.62","89,313.62","89,313.62","","0.66%"
"03/03/2023","88,725.02","88,725.02","88,725.02","88,725.02","","0.41%"
"02/03/2023","88,362.03","88,362.03","88,362.03","88,362.03","","0.13%"
"01/03/2023","88,249.62","88,249.62","88,249.62","88,249.62","","-0.03%"
"28/02/2023","88,276.24","88,276.24","88,276.24","88,276.24","","0.49%"
"27/02/2023","87,844.02","87,844.02","87,844.02","87,844.02","","-1.02%"
"24/02/2023","88,749.27","88,749.27","88,749.27","88,749.27","","0.32%"
"23/02/2023","88,468.34","88,468.34","88,468.34","88,468.34","","-0.37%"
"22/02/2023","88,798.41","88,798.41","88,798.41","88,798.41","","-0.13%"
"21/02/2023","88,914.45","88,914.45","88,914.45","88,914.45","","-0.18%"
"20/02/2023","89,076.80","89,076.80","89,076.80","89,076.80","","0.12%"
"17/02/2023","88,967.82","88,967.82","88,967.82","88,967.82","","-0.86%"
"16/02/2023","89,735.98","89,735.98","89,735.98","89,735.98","","0.82%"
"15/02/2023","89,009.02","89,009.02","89,009.02","89,009.02","","-1.06%"
"14/02/2023","89,961.17","89,961.17","89,961.17","89,961.17","","0.20%"
"13/02/2023","89,785.50","89,785.50","89,785.50","89,785.50","","-0.21%"
"10/02/2023","89,978.05","89,978.05","89,978.05","89,978.05","","-0.76%"
"09/02/2023","90,664.01","90,664.01","90,664.01","90,664.01","","-0.52%"
"08/02/2023","91,138.46","91,138.46","91,138.46","91,138.46","","0.35%"
"07/02/2023","90,823.63","90,823.63","90,823.63","90,823.63","","-0.46%"
"06/02/2023","91,245.30","91,245.30","91,245.30","91,245.30","","-0.25%"
"03/02/2023","91,476.82","91,476.82","91,476.82","91,476.82","","0.62%"
"02/02/2023","90,914.52","90,914.52","90,914.52","90,914.52","","0.13%"
"01/02/2023","90,793.65","90,793.65","90,793.65","90,793.65","","0.33%"
"31/01/2023","90,491.06","90,491.06","90,491.06","90,491.06","","-0.07%"
"30/01/2023","90,551.48","90,551.48","90,551.48","90,551.48","","-0.16%"
"27/01/2023","90,698.89","90,698.89","90,698.89","90,698.89","","0.34%"
"25/01/2023","90,389.84","90,389.84","90,389.84","90,389.84","","-0.30%"
"24/01/2023","90,657.30","90,657.30","90,657.30","90,657.30","","0.44%"
"23/01/2023","90,256.32","90,256.32","90,256.32","90,256.32","","0.07%"
"20/01/2023","90,194.46","90,194.46","90,194.46","90,194.46","","0.23%"
"19/01/2023","89,990.56","89,990.56","89,990.56","89,990.56","","0.57%"
"18/01/2023","89,482.80","89,482.80","89,482.80","89,482.80","","0.10%"
"17/01/2023","89,397.31","89,397.31","89,397.31","89,397.31","","-0.03%"
"16/01/2023","89,420.12","89,420.12","89,420.12","89,420.12","","0.82%"
"13/01/2023","88,693.00","88,693.00","88,693.00","88,693.00","","0.66%"
"12/01/2023","88,115.65","88,115.65","88,115.65","88,115.65","","1.18%"
"11/01/2023","87,086.16","87,086.16","87,086.16","87,086.16","","0.90%"
"10/01/2023","86,307.42","86,307.42","86,307.42","86,307.42","","-0.28%"
"09/01/2023","86,551.27","86,551.27","86,551.27","86,551.27","","0.59%"
"06/01/2023","86,046.19","86,046.19","86,046.19","86,046.19","","0.65%"
"05/01/2023","85,489.88","85,489.88","85,489.88","85,489.88","","0.06%"
"04/01/2023","85,436.51","85,436.51","85,436.51","85,436.51","","1.63%"
"03/01/2023","84,068.54","84,068.54","84,068.54","84,068.54","","-1.31%"
"30/12/2022","85,188.04","85,188.04","85,188.04","85,188.04","","0.27%"
"29/12/2022","84,962.61","84,962.61","84,962.61","84,962.61","","-0.79%"
"28/12/2022","85,640.34","85,640.34","85,640.34","85,640.34","","-0.30%"
"23/12/2022","85,897.54","85,897.54","85,897.54","85,897.54","","-0.63%"
"22/12/2022","86,439.15","86,439.15","86,439.15","86,439.15","","0.53%"
"21/12/2022","85,986.99","85,986.99","85,986.99","85,986.99","","1.29%"
"20/12/2022","84,889.39","84,889.39","84,889.39","84,889.39","","-1.53%"
"19/12/2022","86,209.31","86,209.31","86,209.31","86,209.31","","-0.21%"
"16/12/2022","86,388.25","86,388.25","86,388.25","86,388.25","","-0.78%"
"15/12/2022","87,066.27","87,066.27","87,066.27","87,066.27","","-0.64%"
"14/12/2022","87,628.46","87,628.46","87,628.46","87,628.46","","0.67%"
"13/12/2022","87,048.02","87,048.02","87,048.02","87,048.02","","0.31%"
"12/12/2022","86,776.84","86,776.84","86,776.84","86,776.84","","-0.45%"
"09/12/2022","87,167.78","87,167.78","87,167.78","87,167.78","","0.52%"
"08/12/2022","86,713.02","86,713.02","86,713.02","86,713.02","","-0.74%"
"07/12/2022","87,362.53","87,362.53","87,362.53","87,362.53","","-0.85%"
"06/12/2022","88,110.31","88,110.31","88,110.31","88,110.31","","-0.47%"
"05/12/2022","88,525.27","88,525.27","88,525.27","88,525.27","","0.35%"
"02/12/2022","88,219.58","88,219.58","88,219.58","88,219.58","","-0.72%"
"01/12/2022","88,859.41","88,859.41","88,859.41","88,859.41","","0.97%"
"30/11/2022","88,008.95","88,008.95","88,008.95","88,008.95","","0.43%"
"29/11/2022","87,629.01","87,629.01","87,629.01","87,629.01","","0.34%"
"28/11/2022","87,335.78","87,335.78","87,335.78","87,335.78","","-0.42%"
"25/11/2022","87,702.34","87,702.34","87,702.34","87,702.34","","0.24%"
"24/11/2022","87,488.12","87,488.12","87,488.12","87,488.12","","0.14%"
"23/11/2022","87,362.55","87,362.55","87,362.55","87,362.55","","0.70%"
"22/11/2022","86,752.84","86,752.84","86,752.84","86,752.84","","0.59%"
"21/11/2022","86,240.04","86,240.04","86,240.04","86,240.04","","-0.17%"
"18/11/2022","86,390.20","86,390.20","86,390.20","86,390.20","","0.24%"
"17/11/2022","86,186.42","86,186.42","86,186.42","86,186.42","","0.29%"
"16/11/2022","85,933.34","85,933.34","85,933.34","85,933.34","","-0.27%"
"15/11/2022","86,167.34","86,167.34","86,167.34","86,167.34","","0.05%"
"14/11/2022","86,123.38","86,123.38","86,123.38","86,123.38","","-0.16%"
"11/11/2022","86,263.25","86,263.25","86,263.25","86,263.25","","2.78%"
"10/11/2022","83,926.06","83,926.06","83,926.06","83,926.06","","-0.50%"
"09/11/2022","84,351.23","84,351.23","84,351.23","84,351.23","","0.59%"
"08/11/2022","83,859.74","83,859.74","83,859.74","83,859.74","","0.36%"
"07/11/2022","83,556.48","83,556.48","83,556.48","83,556.48","","0.76%"
"04/11/2022","82,924.29","82,924.29","82,924.29","82,924.29","","0.50%"
"03/11/2022","82,508.27","82,508.27","82,508.27","82,508.27","","-1.84%"
"02/11/2022","84,057.61","84,057.61","84,057.61","84,057.61","","0.14%"
"01/11/2022","83,939.70","83,939.70","83,939.70","83,939.70","","1.65%"
"31/10/2022","82,573.97","82,573.97","82,573.97","82,573.97","","1.15%"
"28/10/2022","81,638.70","81,638.70","81,638.70","81,638.70","","-0.87%"
"27/10/2022","82,353.50","82,353.50","82,353.50","82,353.50","","0.51%"
"26/10/2022","81,934.98","81,934.98","81,934.98","81,934.98","","0.18%"
"25/10/2022","81,787.58","81,787.58","81,787.58","81,787.58","","0.28%"
"24/10/2022","81,555.96","81,555.96","81,555.96","81,555.96","","1.54%"
"21/10/2022","80,315.40","80,315.40","80,315.40","80,315.40","","-0.80%"
"20/10/2022","80,964.70","80,964.70","80,964.70","80,964.70","","-1.02%"
"19/10/2022","81,798.59","81,798.59","81,798.59","81,798.59","","0.31%"
"18/10/2022","81,547.92","81,547.92","81,547.92","81,547.92","","1.72%"
"17/10/2022","80,167.26","80,167.26","80,167.26","80,167.26","","-1.40%"
"14/10/2022","81,302.66","81,302.66","81,302.66","81,302.66","","1.76%"
"13/10/2022","79,900.16","79,900.16","79,900.16","79,900.16","","-0.07%"
"12/10/2022","79,959.45","79,959.45","79,959.45","79,959.45","","0.04%"
"11/10/2022","79,928.11","79,928.11","79,928.11","79,928.11","","-0.34%"
"10/10/2022","80,200.66","80,200.66","80,200.66","80,200.66","","-1.41%"
"07/10/2022","81,343.55","81,343.55","81,343.55","81,343.55","","-0.80%"
"06/10/2022","82,002.11","82,002.11","82,002.11","82,002.11","","0.03%"
"05/10/2022","81,978.93","81,978.93","81,978.93","81,978.93","","1.74%"
"04/10/2022","80,578.99","80,578.99","80,578.99","80,578.99","","3.76%"
"03/10/2022","77,659.97","77,659.97","77,659.97","77,659.97","","-0.27%"
"30/09/2022","77,868.43","77,868.43","77,868.43","77,868.43","","-1.23%"
"29/09/2022","78,839.90","78,839.90","78,839.90","78,839.90","","1.45%"
"28/09/2022","77,715.02","77,715.02","77,715.02","77,715.02","","-0.53%"
"27/09/2022","78,125.52","78,125.52","78,125.52","78,125.52","","0.41%"
"26/09/2022","77,803.82","77,803.82","77,803.82","77,803.82","","-1.60%"
"23/09/2022","79,070.45","79,070.45","79,070.45","79,070.45","","-1.87%"
"21/09/2022","80,579.64","80,579.64","80,579.64","80,579.64","","-1.54%"
"20/09/2022","81,839.95","81,839.95","81,839.95","81,839.95","","1.29%"
"19/09/2022","80,799.74","80,799.74","80,799.74","80,799.74","","-0.28%"
"16/09/2022","81,027.77","81,027.77","81,027.77","81,027.77","","-1.51%"
"15/09/2022","82,272.35","82,272.35","82,272.35","82,272.35","","0.26%"
"14/09/2022","82,056.01","82,056.01","82,056.01","82,056.01","","-2.58%"
"13/09/2022","84,230.44","84,230.44","84,230.44","84,230.44","","0.65%"
"12/09/2022","83,685.30","83,685.30","83,685.30","83,685.30","","1.03%"
"09/09/2022","82,836.09","82,836.09","82,836.09","82,836.09","","0.67%"
"08/09/2022","82,284.76","82,284.76","82,284.76","82,284.76","","1.94%"
"07/09/2022","80,715.63","80,715.63","80,715.63","80,715.63","","-1.38%"
"06/09/2022","81,842.82","81,842.82","81,842.82","81,842.82","","-0.29%"
"05/09/2022","82,078.33","82,078.33","82,078.33","82,078.33","","0.47%"
"02/09/2022","81,693.12","81,693.12","81,693.12","81,693.12","","-0.20%"
"01/09/2022","81,858.16","81,858.16","81,858.16","81,858.16","","-1.37%"
"31/08/2022","82,992.41","82,992.41","82,992.41","82,992.41","","-0.06%"
"30/08/2022","83,040.76","83,040.76","83,040.76","83,040.76","","0.48%"
"29/08/2022","82,641.27","82,641.27","82,641.27","82,641.27","","-1.93%"
"26/08/2022","84,270.84","84,270.84","84,270.84","84,270.84","","0.82%"
"25/08/2022","83,587.18","83,587.18","83,587.18","83,587.18","","0.73%"
"24/08/2022","82,981.95","82,981.95","82,981.95","82,981.95","","0.57%"
"23/08/2022","82,511.91","82,511.91","82,511.91","82,511.91","","-1.20%"
"22/08/2022","83,518.30","83,518.30","83,518.30","83,518.30","","-0.91%"
"19/08/2022","84,281.50","84,281.50","84,281.50","84,281.50","","0.02%"
"18/08/2022","84,261.56","84,261.56","84,261.56","84,261.56","","-0.19%"
"17/08/2022","84,418.03","84,418.03","84,418.03","84,418.03","","0.49%"
"16/08/2022","84,009.89","84,009.89","84,009.89","84,009.89","","0.59%"
"15/08/2022","83,517.72","83,517.72","83,517.72","83,517.72","","0.47%"
"12/08/2022","83,125.84","83,125.84","83,125.84","83,125.84","","-0.53%"
"11/08/2022","83,571.65","83,571.65","83,571.65","83,571.65","","1.19%"
"10/08/2022","82,590.09","82,590.09","82,590.09","82,590.09","","-0.53%"
"09/08/2022","83,028.96","83,028.96","83,028.96","83,028.96","","0.13%"
"08/08/2022","82,920.20","82,920.20","82,920.20","82,920.20","","0.07%"
"05/08/2022","82,860.41","82,860.41","82,860.41","82,860.41","","0.58%"
"04/08/2022","82,380.08","82,380.08","82,380.08","82,380.08","","-0.01%"
"03/08/2022","82,392.05","82,392.05","82,392.05","82,392.05","","-0.32%"
"02/08/2022","82,653.13","82,653.13","82,653.13","82,653.13","","0.07%"
"01/08/2022","82,593.16","82,593.16","82,593.16","82,593.16","","0.69%"
"29/07/2022","82,028.33","82,028.33","82,028.33","82,028.33","","0.80%"
"28/07/2022","81,373.95","81,373.95","81,373.95","81,373.95","","0.97%"
"27/07/2022","80,588.39","80,588.39","80,588.39","80,588.39","","0.23%"
"26/07/2022","80,399.86","80,399.86","80,399.86","80,399.86","","0.26%"
"25/07/2022","80,195.07","80,195.07","80,195.07","80,195.07","","-0.02%"
"22/07/2022","80,213.58","80,213.58","80,213.58","80,213.58","","-0.04%"
"21/07/2022","80,246.42","80,246.42","80,246.42","80,246.42","","0.52%"
"20/07/2022","79,832.20","79,832.20","79,832.20","79,832.20","","1.65%"
"19/07/2022","78,537.59","78,537.59","78,537.59","78,537.59","","-0.56%"
"18/07/2022","78,980.98","78,980.98","78,980.98","78,980.98","","1.23%"
"15/07/2022","78,017.59","78,017.59","78,017.59","78,017.59","","-0.68%"
"14/07/2022","78,549.63","78,549.63","78,549.63","78,549.63","","0.44%"
"13/07/2022","78,206.39","78,206.39","78,206.39","78,206.39","","0.23%"
"12/07/2022","78,026.02","78,026.02","78,026.02","78,026.02","","0.07%"
"11/07/2022","77,973.04","77,973.04","77,973.04","77,973.04","","-1.14%"
"08/07/2022","78,868.88","78,868.88","78,868.88","78,868.88","","0.45%"
"07/07/2022","78,513.27","78,513.27","78,513.27","78,513.27","","0.81%"
"06/07/2022","77,881.76","77,881.76","77,881.76","77,881.76","","-0.52%"
"05/07/2022","78,292.23","78,292.23","78,292.23","78,292.23","","0.25%"
"04/07/2022","78,094.23","78,094.23","78,094.23","78,094.23","","1.11%"
"01/07/2022","77,236.18","77,236.18","77,236.18","77,236.18","","-0.43%"
"30/06/2022","77,568.63","77,568.63","77,568.63","77,568.63","","-1.97%"
"29/06/2022","79,127.91","79,127.91","79,127.91","79,127.91","","-0.80%"
"28/06/2022","79,763.92","79,763.92","79,763.92","79,763.92","","0.86%"
"27/06/2022","79,083.59","79,083.59","79,083.59","79,083.59","","1.93%"
"24/06/2022","77,582.87","77,582.87","77,582.87","77,582.87","","0.77%"
"23/06/2022","76,990.24","76,990.24","76,990.24","76,990.24","","0.31%"
"22/06/2022","76,755.55","76,755.55","76,755.55","76,755.55","","-0.23%"
"21/06/2022","76,934.24","76,934.24","76,934.24","76,934.24","","1.41%"
"20/06/2022","75,865.92","75,865.92","75,865.92","75,865.92","","-0.64%"
"17/06/2022","76,354.48","76,354.48","76,354.48","76,354.48","","-1.76%"
"16/06/2022","77,725.94","77,725.94","77,725.94","77,725.94","","-0.15%"
"15/06/2022","77,843.09","77,843.09","77,843.09","77,843.09","","-1.27%"
"14/06/2022","78,845.41","78,845.41","78,845.41","78,845.41","","-3.55%"
"10/06/2022","81,745.83","81,745.83","81,745.83","81,745.83","","-1.25%"
"09/06/2022","82,780.80","82,780.80","82,780.80","82,780.80","","-1.42%"
"08/06/2022","83,976.08","83,976.08","83,976.08","83,976.08","","0.36%"
"07/06/2022","83,677.01","83,677.01","83,677.01","83,677.01","","-1.53%"
"06/06/2022","84,980.48","84,980.48","84,980.48","84,980.48","","-0.43%"
"03/06/2022","85,350.74","85,350.74","85,350.74","85,350.74","","0.88%"
"02/06/2022","84,610.09","84,610.09","84,610.09","84,610.09","","-0.80%"
"01/06/2022","85,293.92","85,293.92","85,293.92","85,293.92","","0.32%"
"31/05/2022","85,024.90","85,024.90","85,024.90","85,024.90","","-1.03%"
"30/05/2022","85,911.62","85,911.62","85,911.62","85,911.62","","1.45%"
"27/05/2022","84,685.45","84,685.45","84,685.45","84,685.45","","1.09%"
"26/05/2022","83,776.19","83,776.19","83,776.19","83,776.19","","-0.67%"
"25/05/2022","84,342.98","84,342.98","84,342.98","84,342.98","","0.37%"
"24/05/2022","84,031.72","84,031.72","84,031.72","84,031.72","","-0.27%"
"23/05/2022","84,263.04","84,263.04","84,263.04","84,263.04","","0.05%"
"20/05/2022","84,224.76","84,224.76","84,224.76","84,224.76","","1.15%"
"19/05/2022","83,267.84","83,267.84","83,267.84","83,267.84","","-1.54%"
"18/05/2022","84,569.22","84,569.22","84,569.22","84,569.22","","0.99%"
"17/05/2022","83,743.46","83,743.46","83,743.46","83,743.46","","0.27%"
"16/05/2022","83,513.85","83,513.85","83,513.85","83,513.85","","0.31%"
"13/05/2022","83,252.77","83,252.77","83,252.77","83,252.77","","1.93%"
"12/05/2022","81,674.49","81,674.49","81,674.49","81,674.49","","-1.75%"
"11/05/2022","83,129.49","83,129.49","83,129.49","83,129.49","","0.31%"
"10/05/2022","82,875.40","82,875.40","82,875.40","82,875.40","","-0.98%"
"09/05/2022","83,692.23","83,692.23","83,692.23","83,692.23","","-1.08%"
"06/05/2022","84,609.54","84,609.54","84,609.54","84,609.54","","-2.16%"
"05/05/2022","86,476.68","86,476.68","86,476.68","86,476.68","","0.82%"
"04/05/2022","85,772.48","85,772.48","85,772.48","85,772.48","","-0.15%"
"03/05/2022","85,901.98","85,901.98","85,901.98","85,901.98","","-0.42%"
"02/05/2022","86,263.66","86,263.66","86,263.66","86,263.66","","-1.18%"
"29/04/2022","87,297.17","87,297.17","87,297.17","87,297.17","","1.06%"
"28/04/2022","86,379.85","86,379.85","86,379.85","86,379.85","","1.32%"
"27/04/2022","85,255.98","85,255.98","85,255.98","85,255.98","","-0.78%"
"26/04/2022","85,923.02","85,923.02","85,923.02","85,923.02","","-2.08%"
"22/04/2022","87,746.45","87,746.45","87,746.45","87,746.45","","-1.57%"
"21/04/2022","89,149.68","89,149.68","89,149.68","89,149.68","","0.31%"
"20/04/2022","88,873.06","88,873.06","88,873.06","88,873.06","","0.06%"
"19/04/2022","88,823.00","88,823.00","88,823.00","88,823.00","","0.56%"
"14/04/2022","88,332.51","88,332.51","88,332.51","88,332.51","","0.59%"
"13/04/2022","87,811.03","87,811.03","87,811.03","87,811.03","","0.34%"
"12/04/2022","87,517.09","87,517.09","87,517.09","87,517.09","","-0.42%"
"11/04/2022","87,882.06","87,882.06","87,882.06","87,882.06","","0.10%"
"08/04/2022","87,796.84","87,796.84","87,796.84","87,796.84","","0.47%"
"07/04/2022","87,384.06","87,384.06","87,384.06","87,384.06","","-0.63%"
"06/04/2022","87,937.67","87,937.67","87,937.67","87,937.67","","-0.50%"
"05/04/2022","88,381.09","88,381.09","88,381.09","88,381.09","","0.19%"
"04/04/2022","88,215.26","88,215.26","88,215.26","88,215.26","","0.27%"
"01/04/2022","87,981.23","87,981.23","87,981.23","87,981.23","","-0.08%"
"31/03/2022","88,049.03","88,049.03","88,049.03","88,049.03","","-0.19%"
"30/03/2022","88,216.30","88,216.30","88,216.30","88,216.30","","0.68%"
"29/03/2022","87,620.88","87,620.88","87,620.88","87,620.88","","0.70%"
"28/03/2022","87,012.28","87,012.28","87,012.28","87,012.28","","0.09%"
"25/03/2022","86,934.96","86,934.96","86,934.96","86,934.96","","0.26%"
"24/03/2022","86,708.76","86,708.76","86,708.76","86,708.76","","0.13%"
"23/03/2022","86,598.74","86,598.74","86,598.74","86,598.74","","0.50%"
"22/03/2022","86,163.95","86,163.95","86,163.95","86,163.95","","0.87%"
"21/03/2022","85,421.63","85,421.63","85,421.63","85,421.63","","-0.22%"
"18/03/2022","85,607.12","85,607.12","85,607.12","85,607.12","","0.60%"
"17/03/2022","85,092.84","85,092.84","85,092.84","85,092.84","","1.06%"
"16/03/2022","84,203.51","84,203.51","84,203.51","84,203.51","","1.10%"
"15/03/2022","83,289.68","83,289.68","83,289.68","83,289.68","","-0.72%"
"14/03/2022","83,897.40","83,897.40","83,897.40","83,897.40","","1.22%"
"11/03/2022","82,887.79","82,887.79","82,887.79","82,887.79","","-0.94%"
"10/03/2022","83,674.01","83,674.01","83,674.01","83,674.01","","1.26%"
"09/03/2022","82,635.23","82,635.23","82,635.23","82,635.23","","1.05%"
"08/03/2022","81,774.16","81,774.16","81,774.16","81,774.16","","-0.81%"
"07/03/2022","82,444.61","82,444.61","82,444.61","82,444.61","","-0.94%"
"04/03/2022","83,230.04","83,230.04","83,230.04","83,230.04","","-0.55%"
"03/03/2022","83,694.19","83,694.19","83,694.19","83,694.19","","0.55%"
"02/03/2022","83,232.26","83,232.26","83,232.26","83,232.26","","0.34%"
"01/03/2022","82,952.95","82,952.95","82,952.95","82,952.95","","0.70%"
"28/02/2022","82,377.32","82,377.32","82,377.32","82,377.32","","0.83%"
"25/02/2022","81,702.01","81,702.01","81,702.01","81,702.01","","0.12%"
"24/02/2022","81,602.08","81,602.08","81,602.08","81,602.08","","-2.41%"
"23/02/2022","83,617.63","83,617.63","83,617.63","83,617.63","","0.65%"
"22/02/2022","83,077.96","83,077.96","83,077.96","83,077.96","","-0.94%"
"21/02/2022","83,868.86","83,868.86","83,868.86","83,868.86","","0.19%"
"18/02/2022","83,707.81","83,707.81","83,707.81","83,707.81","","-1.02%"
"17/02/2022","84,570.07","84,570.07","84,570.07","84,570.07","","0.16%"
"16/02/2022","84,432.30","84,432.30","84,432.30","84,432.30","","1.23%"
"15/02/2022","83,406.73","83,406.73","83,406.73","83,406.73","","-0.50%"
"14/02/2022","83,829.27","83,829.27","83,829.27","83,829.27","","0.40%"
"11/02/2022","83,494.75","83,494.75","83,494.75","83,494.75","","-0.98%"
"10/02/2022","84,317.63","84,317.63","84,317.63","84,317.63","","0.28%"
"09/02/2022","84,083.95","84,083.95","84,083.95","84,083.95","","1.14%"
"08/02/2022","83,138.58","83,138.58","83,138.58","83,138.58","","1.07%"
"07/02/2022","82,261.21","82,261.21","82,261.21","82,261.21","","-0.13%"
"04/02/2022","82,367.91","82,367.91","82,367.91","82,367.91","","0.60%"
"03/02/2022","81,879.74","81,879.74","81,879.74","81,879.74","","-0.14%"
"02/02/2022","81,991.66","81,991.66","81,991.66","81,991.66","","1.17%"
"01/02/2022","81,045.76","81,045.76","81,045.76","81,045.76","","0.49%"
"31/01/2022","80,647.80","80,647.80","80,647.80","80,647.80","","-0.24%"
"28/01/2022","80,838.79","80,838.79","80,838.79","80,838.79","","2.19%"
"27/01/2022","79,105.20","79,105.20","79,105.20","79,105.20","","-1.77%"
"25/01/2022","80,532.04","80,532.04","80,532.04","80,532.04","","-2.49%"
"24/01/2022","82,590.23","82,590.23","82,590.23","82,590.23","","-0.51%"
"21/01/2022","83,009.77","83,009.77","83,009.77","83,009.77","","-2.27%"
"20/01/2022","84,936.66","84,936.66","84,936.66","84,936.66","","0.13%"
"19/01/2022","84,822.26","84,822.26","84,822.26","84,822.26","","-1.03%"
"18/01/2022","85,704.66","85,704.66","85,704.66","85,704.66","","-0.11%"
"17/01/2022","85,803.33","85,803.33","85,803.33","85,803.33","","0.32%"
"14/01/2022","85,532.11","85,532.11","85,532.11","85,532.11","","-1.08%"
"13/01/2022","86,463.30","86,463.30","86,463.30","86,463.30","","0.48%"
"12/01/2022","86,053.17","86,053.17","86,053.17","86,053.17","","0.66%"
"11/01/2022","85,488.89","85,488.89","85,488.89","85,488.89","","-0.76%"
"10/01/2022","86,147.65","86,147.65","86,147.65","86,147.65","","-0.08%"
"07/01/2022","86,220.27","86,220.27","86,220.27","86,220.27","","1.29%"
"06/01/2022","85,120.94","85,120.94","85,120.94","85,120.94","","-2.74%"
"05/01/2022","87,521.64","87,521.64","87,521.64","87,521.64","","-0.31%"
"04/01/2022","87,796.38","87,796.38","87,796.38","87,796.38","","1.95%"
"31/12/2021","86,117.72","86,117.72","86,117.72","86,117.72","","-0.91%"
"30/12/2021","86,912.78","86,912.78","86,912.78","86,912.78","","0.16%"
"29/12/2021","86,776.31","86,776.31","86,776.31","86,776.31","","1.21%"
"24/12/2021","85,742.02","85,742.02","85,742.02","85,742.02","","0.44%"
"23/12/2021","85,363.86","85,363.86","85,363.86","85,363.86","","0.31%"
"22/12/2021","85,100.39","85,100.39","85,100.39","85,100.39","","0.13%"
"21/12/2021","84,988.08","84,988.08","84,988.08","84,988.08","","0.87%"
"20/12/2021","84,257.31","84,257.31","84,257.31","84,257.31","","-0.16%"
"17/12/2021","84,393.81","84,393.81","84,393.81","84,393.81","","0.11%"
"16/12/2021","84,297.76","84,297.76","84,297.76","84,297.76","","-0.43%"
"15/12/2021","84,660.80","84,660.80","84,660.80","84,660.80","","-0.70%"
"14/12/2021","85,253.59","85,253.59","85,253.59","85,253.59","","-0.01%"
"13/12/2021","85,263.73","85,263.73","85,263.73","85,263.73","","0.35%"
"10/12/2021","84,966.32","84,966.32","84,966.32","84,966.32","","-0.42%"
"09/12/2021","85,323.74","85,323.74","85,323.74","85,323.74","","-0.28%"
"08/12/2021","85,566.28","85,566.28","85,566.28","85,566.28","","1.25%"
"07/12/2021","84,508.48","84,508.48","84,508.48","84,508.48","","0.95%"
"06/12/2021","83,713.22","83,713.22","83,713.22","83,713.22","","0.05%"
"03/12/2021","83,667.56","83,667.56","83,667.56","83,667.56","","0.22%"
"02/12/2021","83,482.85","83,482.85","83,482.85","83,482.85","","-0.14%"
"01/12/2021","83,597.36","83,597.36","83,597.36","83,597.36","","-0.26%"
"30/11/2021","83,815.62","83,815.62","83,815.62","83,815.62","","0.22%"
"29/11/2021","83,629.06","83,629.06","83,629.06","83,629.06","","-0.54%"
"26/11/2021","84,085.66","84,085.66","84,085.66","84,085.66","","-1.73%"
"25/11/2021","85,563.59","85,563.59","85,563.59","85,563.59","","0.11%"
"24/11/2021","85,472.36","85,472.36","85,472.36","85,472.36","","-0.15%"
"23/11/2021","85,599.93","85,599.93","85,599.93","85,599.93","","0.79%"
"22/11/2021","84,930.39","84,930.39","84,930.39","84,930.39","","-0.59%"
"19/11/2021","85,431.02","85,431.02","85,431.02","85,431.02","","0.24%"
"18/11/2021","85,226.15","85,226.15","85,226.15","85,226.15","","0.14%"
"17/11/2021","85,109.09","85,109.09","85,109.09","85,109.09","","-0.68%"
"16/11/2021","85,692.29","85,692.29","85,692.29","85,692.29","","-0.66%"
"15/11/2021","86,262.20","86,262.20","86,262.20","86,262.20","","0.47%"
"12/11/2021","85,859.72","85,859.72","85,859.72","85,859.72","","0.83%"
"11/11/2021","85,154.90","85,154.90","85,154.90","85,154.90","","-0.57%"
"10/11/2021","85,638.88","85,638.88","85,638.88","85,638.88","","-0.14%"
"09/11/2021","85,756.73","85,756.73","85,756.73","85,756.73","","-0.24%"
"08/11/2021","85,961.79","85,961.79","85,961.79","85,961.79","","0.08%"
"05/11/2021","85,893.34","85,893.34","85,893.34","85,893.34","","0.50%"
"04/11/2021","85,469.84","85,469.84","85,469.84","85,469.84","","0.48%"
"03/11/2021","85,064.13","85,064.13","85,064.13","85,064.13","","0.93%"
"02/11/2021","84,277.02","84,277.02","84,277.02","84,277.02","","-0.63%"
"01/11/2021","84,810.19","84,810.19","84,810.19","84,810.19","","0.64%"
"29/10/2021","84,268.94","84,268.94","84,268.94","84,268.94","","-1.44%"
"28/10/2021","85,495.97","85,495.97","85,495.97","85,495.97","","-0.24%"
"27/10/2021","85,701.13","85,701.13","85,701.13","85,701.13","","0.07%"
"26/10/2021","85,640.29","85,640.29","85,640.29","85,640.29","","0.03%"
"25/10/2021","85,612.41","85,612.41","85,612.41","85,612.41","","0.34%"
"22/10/2021","85,318.77","85,318.77","85,318.77","85,318.77","","0.00%"
"21/10/2021","85,317.55","85,317.55","85,317.55","85,317.55","","0.02%"
"20/10/2021","85,298.01","85,298.01","85,298.01","85,298.01","","0.53%"
"19/10/2021","84,851.35","84,851.35","84,851.35","84,851.35","","-0.08%"
"18/10/2021","84,922.90","84,922.90","84,922.90","84,922.90","","0.26%"
"15/10/2021","84,703.23","84,703.23","84,703.23","84,703.23","","0.69%"
"14/10/2021","84,121.20","84,121.20","84,121.20","84,121.20","","0.54%"
"13/10/2021","83,670.35","83,670.35","83,670.35","83,670.35","","-0.11%"
"12/10/2021","83,764.52","83,764.52","83,764.52","83,764.52","","-0.26%"
"11/10/2021","83,982.48","83,982.48","83,982.48","83,982.48","","-0.28%"
"08/10/2021","84,215.98","84,215.98","84,215.98","84,215.98","","0.87%"
"07/10/2021","83,486.24","83,486.24","83,486.24","83,486.24","","0.70%"
"06/10/2021","82,908.47","82,908.47","82,908.47","82,908.47","","-0.58%"
"05/10/2021","83,389.49","83,389.49","83,389.49","83,389.49","","-0.41%"
"04/10/2021","83,734.68","83,734.68","83,734.68","83,734.68","","1.29%"
"01/10/2021","82,664.86","82,664.86","82,664.86","82,664.86","","-2.00%"
"30/09/2021","84,351.55","84,351.55","84,351.55","84,351.55","","1.88%"
"29/09/2021","82,793.34","82,793.34","82,793.34","82,793.34","","-1.08%"
"28/09/2021","83,695.52","83,695.52","83,695.52","83,695.52","","-1.47%"
"27/09/2021","84,945.06","84,945.06","84,945.06","84,945.06","","0.57%"
"24/09/2021","84,466.89","84,466.89","84,466.89","84,466.89","","-0.37%"
"23/09/2021","84,778.27","84,778.27","84,778.27","84,778.27","","1.01%"
"22/09/2021","83,930.32","83,930.32","83,930.32","83,930.32","","0.32%"
"21/09/2021","83,663.59","83,663.59","83,663.59","83,663.59","","0.36%"
"20/09/2021","83,365.79","83,365.79","83,365.79","83,365.79","","-2.10%"
"17/09/2021","85,154.88","85,154.88","85,154.88","85,154.88","","-0.75%"
"16/09/2021","85,802.13","85,802.13","85,802.13","85,802.13","","0.59%"
"15/09/2021","85,301.55","85,301.55","85,301.55","85,301.55","","-0.27%"
"14/09/2021","85,532.64","85,532.64","85,532.64","85,532.64","","0.17%"
"13/09/2021","85,390.22","85,390.22","85,390.22","85,390.22","","0.26%"
"10/09/2021","85,171.00","85,171.00","85,171.00","85,171.00","","0.51%"
"09/09/2021","84,742.15","84,742.15","84,742.15","84,742.15","","-1.88%"
"08/09/2021","86,364.54","86,364.54","86,364.54","86,364.54","","-0.22%"
"07/09/2021","86,554.05","86,554.05","86,554.05","86,554.05","","0.06%"
"06/09/2021","86,498.97","86,498.97","86,498.97","86,498.97","","0.27%"
"03/09/2021","86,265.16","86,265.16","86,265.16","86,265.16","","0.51%"
"02/09/2021","85,828.06","85,828.06","85,828.06","85,828.06","","-0.09%"
"01/09/2021","85,908.63","85,908.63","85,908.63","85,908.63","","-0.04%"
"31/08/2021","85,944.45","85,944.45","85,944.45","85,944.45","","0.41%"
"30/08/2021","85,593.48","85,593.48","85,593.48","85,593.48","","0.25%"
"27/08/2021","85,376.27","85,376.27","85,376.27","85,376.27","","-0.03%"
"26/08/2021","85,405.30","85,405.30","85,405.30","85,405.30","","-0.49%"
"25/08/2021","85,825.55","85,825.55","85,825.55","85,825.55","","0.45%"
"24/08/2021","85,438.88","85,438.88","85,438.88","85,438.88","","0.18%"
"23/08/2021","85,286.69","85,286.69","85,286.69","85,286.69","","0.42%"
"20/08/2021","84,932.80","84,932.80","84,932.80","84,932.80","","-0.04%"
"19/08/2021","84,966.43","84,966.43","84,966.43","84,966.43","","-0.48%"
"18/08/2021","85,372.60","85,372.60","85,372.60","85,372.60","","-0.12%"
"17/08/2021","85,472.85","85,472.85","85,472.85","85,472.85","","-0.74%"
"16/08/2021","86,110.21","86,110.21","86,110.21","86,110.21","","-0.61%"
"13/08/2021","86,637.92","86,637.92","86,637.92","86,637.92","","0.58%"
"12/08/2021","86,139.94","86,139.94","86,139.94","86,139.94","","0.14%"
"11/08/2021","86,019.30","86,019.30","86,019.30","86,019.30","","0.29%"
"10/08/2021","85,772.71","85,772.71","85,772.71","85,772.71","","0.32%"
"09/08/2021","85,498.84","85,498.84","85,498.84","85,498.84","","0.00%"
"06/08/2021","85,498.86","85,498.86","85,498.86","85,498.86","","0.36%"
"05/08/2021","85,189.01","85,189.01","85,189.01","85,189.01","","0.11%"
"04/08/2021","85,098.65","85,098.65","85,098.65","85,098.65","","0.38%"
"03/08/2021","84,773.14","84,773.14","84,773.14","84,773.14","","-0.23%"
"02/08/2021","84,965.60","84,965.60","84,965.60","84,965.60","","1.34%"
"30/07/2021","83,844.75","83,844.75","83,844.75","83,844.75","","-0.33%"
"29/07/2021","84,125.66","84,125.66","84,125.66","84,125.66","","0.52%"
"28/07/2021","83,693.49","83,693.49","83,693.49","83,693.49","","-0.70%"
"27/07/2021","84,284.12","84,284.12","84,284.12","84,284.12","","0.50%"
"26/07/2021","83,863.38","83,863.38","83,863.38","83,863.38","","0.00%"
"23/07/2021","83,864.35","83,864.35","83,864.35","83,864.35","","0.11%"
"22/07/2021","83,774.25","83,774.25","83,774.25","83,774.25","","1.06%"
"21/07/2021","82,893.14","82,893.14","82,893.14","82,893.14","","0.78%"
"20/07/2021","82,252.45","82,252.45","82,252.45","82,252.45","","-0.46%"
"19/07/2021","82,635.25","82,635.25","82,635.25","82,635.25","","-0.85%"
"16/07/2021","83,340.04","83,340.04","83,340.04","83,340.04","","0.17%"
"15/07/2021","83,201.61","83,201.61","83,201.61","83,201.61","","-0.26%"
"14/07/2021","83,414.57","83,414.57","83,414.57","83,414.57","","0.31%"
"13/07/2021","83,157.81","83,157.81","83,157.81","83,157.81","","-0.02%"
"12/07/2021","83,173.79","83,173.79","83,173.79","83,173.79","","0.83%"
"09/07/2021","82,491.36","82,491.36","82,491.36","82,491.36","","-0.93%"
"08/07/2021","83,264.08","83,264.08","83,264.08","83,264.08","","0.20%"
"07/07/2021","83,098.78","83,098.78","83,098.78","83,098.78","","0.90%"
"06/07/2021","82,355.05","82,355.05","82,355.05","82,355.05","","-0.73%"
"05/07/2021","82,958.11","82,958.11","82,958.11","82,958.11","","0.09%"
"02/07/2021","82,885.55","82,885.55","82,885.55","82,885.55","","0.59%"
"01/07/2021","82,398.13","82,398.13","82,398.13","82,398.13","","-0.64%"
"30/06/2021","82,932.29","82,932.29","82,932.29","82,932.29","","0.16%"
"29/06/2021","82,798.64","82,798.64","82,798.64","82,798.64","","0.05%"
"28/06/2021","82,757.58","82,757.58","82,757.58","82,757.58","","-0.01%"
"25/06/2021","82,766.14","82,766.14","82,766.14","82,766.14","","0.45%"
"24/06/2021","82,394.97","82,394.97","82,394.97","82,394.97","","-0.32%"
"23/06/2021","82,656.27","82,656.27","82,656.27","82,656.27","","-0.59%"
"22/06/2021","83,150.35","83,150.35","83,150.35","83,150.35","","1.48%"
"21/06/2021","81,939.86","81,939.86","81,939.86","81,939.86","","-1.81%"
"18/06/2021","83,452.16","83,452.16","83,452.16","83,452.16","","0.13%"
"17/06/2021","83,341.01","83,341.01","83,341.01","83,341.01","","-0.37%"
"16/06/2021","83,648.35","83,648.35","83,648.35","83,648.35","","0.09%"
"15/06/2021","83,572.43","83,572.43","83,572.43","83,572.43","","0.92%"
"11/06/2021","82,812.10","82,812.10","82,812.10","82,812.10","","0.14%"
"10/06/2021","82,699.00","82,699.00","82,699.00","82,699.00","","0.44%"
"09/06/2021","82,333.24","82,333.24","82,333.24","82,333.24","","-0.31%"
"08/06/2021","82,586.77","82,586.77","82,586.77","82,586.77","","0.15%"
"07/06/2021","82,465.64","82,465.64","82,465.64","82,465.64","","-0.18%"
"04/06/2021","82,615.20","82,615.20","82,615.20","82,615.20","","0.48%"
"03/06/2021","82,216.53","82,216.53","82,216.53","82,216.53","","0.59%"
"02/06/2021","81,736.77","81,736.77","81,736.77","81,736.77","","1.05%"
"01/06/2021","80,884.40","80,884.40","80,884.40","80,884.40","","-0.27%"
"31/05/2021","81,100.22","81,100.22","81,100.22","81,100.22","","-0.25%"